0,1,2,3,4,5,6,7
-0.5269048080130618,-1.1513979239961076,-3.7574796473683936,-1.3227736460929056,-0.7787018822244184,-4.189384285701399,-0.5218057823285901,-1.035940379394779
1.5915581151301932,-0.27664282614197877,0.6818394957902093,0.23350519213663998,-0.7787018822244184,-0.4921452476953953,2.758084286281296,1.4871008455407202
-0.8295423684620983,0.5668710182173597,-1.2671298841330798,-0.0907195658278487,0.05996407270672993,-0.42659136404280656,0.6519790070512262,-0.9489389578452792
-1.1321799289111347,1.2541785951027467,-1.05057773080827,-1.3227736460929056,-0.7787018822244184,-1.3181241817180134,-0.6894893236685637,2.79212216878322
0.683645433783084,0.4106647507434082,0.5735634191278044,1.0764895628443105,2.959929483131303,1.867794563797799,-0.7431480568973554,1.1390951593427203
-0.8295423684620983,0.2856997367642469,0.032183035815779616,-0.4797892753852351,0.282261072808962,-0.7936931124973036,0.04161091657372164,-0.9489389578452792
0.07837031288501103,0.34818224375382756,-3.7574796473683936,-1.3227736460929056,-0.7787018822244184,0.12406125863893858,-0.528513123982189,-0.8619375362957792
1.8941956755792297,1.2541785951027467,-0.07609304084662534,0.16866024054374223,0.5550801183889742,-0.8461362194193743,-0.4480250241390015,1.2260965808922204
-0.8295423684620983,-0.40160784012114004,-0.5091973474962451,1.6600941271803902,1.0198829367845503,0.46494145363240014,-0.1495483205538484,-0.7749361147462792
-0.8295423684620983,-1.276362937975269,-0.7798875391522575,-1.3227736460929056,-0.7787018822244184,-1.6852259301725097,-0.6760746403613659,-1.035940379394779
-0.8295423684620983,-1.0576741635117366,-0.5091973474962451,1.0764895628443105,-0.020871200057718104,0.6878246580512022,0.1656967371653023,-0.9489389578452792
0.07837031288501103,1.5665911300506499,0.14045911247818457,-1.3227736460929056,-0.7787018822244184,1.5269143688043376,0.06508661236131798,-0.6009332716472792
-0.5269048080130618,-1.0264329100169465,0.24873518914058954,-0.0907195658278487,-0.2431682001599502,-0.38725903385125326,-0.7733310943385506,-0.9489389578452792
0.07837031288501103,0.785559792680892,0.8442536107838168,0.42804004691533315,0.231739027331182,-0.4003698105817712,-0.9074779274105296,-0.5139318500977792
-0.2242672475640254,2.191416199946456,-0.07609304084662534,-0.35009937219943965,0.5348713001978621,-0.1381542759714163,-0.5385741364625874,0.0950781007487206
1.5915581151301932,0.0357697088059244,-0.725749500821055,-1.3227736460929056,-0.7787018822244184,0.17650436556100937,2.194667587378985,0.008076679199220628
0.9862829942321203,1.1916960881131662,-0.29264519417143525,-1.3227736460929056,-0.7787018822244184,-0.5970314615395373,-0.5553424905965848,0.6170866300457205
-0.5269048080130618,-0.6515378680794626,-0.1843691175090303,-0.025874614234950962,0.13069493637562196,0.12406125863893858,1.3663108931595143,-0.42693042854827923
0.07837031288501103,0.06701096230071471,-0.4009212708338402,-1.3227736460929056,-0.7787018822244184,0.006064268064279069,-0.783392106818949,0.18207952229822058
-0.2242672475640254,0.06701096230071471,1.6563241857518538,0.9467996596585151,1.6463563007090225,3.323090780885268,1.4099086139079073,-0.9489389578452792
0.38100787333404745,1.0667310741340048,0.7901155724526143,1.5304042239945947,4.728201074853604,0.8844863090089683,0.5346005281132444,0.0950781007487206
-1.1321799289111347,-0.589055361089882,0.8983916491150192,-0.22040946901364417,0.282261072808962,-0.3479267036596999,0.7894795109500045,-0.5139318500977792
-0.5269048080130618,0.12949346929029534,-0.5091973474962451,-0.025874614234950962,0.6359153911534222,0.2420582492135981,-1.2461986809172767,-0.16592616389977932
2.4994707964773024,-0.6515378680794626,0.7901155724526143,0.8171097564727196,0.282261072808962,-0.25615126654607584,0.09526964980251328,1.1390951593427203
0.683645433783084,-0.5265728541003013,0.24873518914058954,-0.15556451742074642,0.7975859366823183,-0.26926204327659375,0.8800286232735903,0.7040880515952205
-1.1321799289111347,0.31694099025903727,1.0066677257774241,-1.3227736460929056,-0.7787018822244184,-0.04637883885779172,0.9504557106363793,-0.07892474235027935
2.8021083569263388,0.7543185391861017,0.6818394957902093,-0.0907195658278487,0.33278311828674206,-1.27879185152646,-0.7196723611097591,2.09611079638722
-1.1321799289111347,0.9730073136496339,0.6818394957902093,1.206179466030106,1.9696973917668146,1.2515880574634648,-0.6358305904397721,-0.5139318500977792
1.2889205546811568,-0.6515378680794626,0.35701126580299447,-1.3227736460929056,-0.7787018822244184,0.8844863090089683,-0.9041242565837302,0.7910894731447204
-0.8295423684620983,0.8168010461756823,1.331495955764639,1.3358693692159014,-0.7787018822244184,2.2742286424438483,-0.34070755768141847,-0.5139318500977792
-0.5269048080130618,0.2232172297746663,0.46528734246539943,1.0764895628443105,1.0603005731667743,1.4875820386127838,2.5635713783269267,-0.16592616389977932
-1.1321799289111347,-0.6515378680794626,0.032183035815779616,0.36319509532243544,-0.27348142744661824,-0.15126505270193377,0.460819769923656,-1.035940379394779
-0.8295423684620983,-1.276362937975269,0.24873518914058954,-0.6094791785710306,-0.17243733649105816,-0.25615126654607584,0.2260628120476929,-0.9489389578452792
-0.8295423684620983,-1.1513979239961076,-0.29264519417143525,0.16866024054374223,0.38330516376452206,0.6484923278596484,0.03825724574692216,-0.42693042854827923
0.683645433783084,2.2851399604308273,0.46528734246539943,-1.3227736460929056,-0.7787018822244184,-1.1083517540297292,-1.108698177018498,2.27011363948622
0.683645433783084,0.06701096230071471,0.14045911247818457,1.5952491755874925,1.5453122097534624,0.21583669575256317,0.9169190023683845,0.0950781007487206
-0.2242672475640254,-1.3388454449648495,-1.05057773080827,0.7522648048798218,0.11048611818450996,-0.1250434992408984,-0.7096113486293606,-0.6009332716472792
-0.2242672475640254,-0.46409034711072067,0.14045911247818457,-1.3227736460929056,-0.7787018822244184,-0.806803889227821,-0.8471118525281393,-0.5139318500977792
2.8021083569263388,0.25445848326945664,-3.7574796473683936,0.6225749016940264,-0.7787018822244184,1.0418156297751806,0.3669169867732706,0.9650923162437204
0.07837031288501103,0.25445848326945664,0.8983916491150192,-0.025874614234950962,1.9494885735757026,0.4124983467103293,-0.7666237526849516,-0.8619375362957792
-0.2242672475640254,-1.8699467543762849,0.6818394957902093,0.4928849985082309,-0.7787018822244184,0.32072290959670474,-0.7263797027633581,1.1390951593427203
-0.5269048080130618,-1.2451216844804787,0.14045911247818457,-0.35009937219943965,-0.010766790962162098,-0.2430404898155579,0.2931362285836825,-0.6879346931967791
-1.1321799289111347,-0.589055361089882,0.302873227471792,0.16866024054374223,-0.7787018822244184,-4.189384285701399,0.37697799925366904,-1.035940379394779
-0.2242672475640254,-0.6827791215742529,-0.83402557748346,-0.0907195658278487,0.09027729999339794,-0.8330254426888564,-1.024856406348511,-0.7749361147462792
-1.1321799289111347,-0.4328490936159303,-0.4009212708338402,0.6225749016940264,-0.030975609153274106,0.6091599976680955,0.997407102211572,-0.6879346931967791
-0.2242672475640254,1.5353498765558595,-0.29264519417143525,1.0764895628443105,1.4947901642756825,0.33383368632722266,-0.3474148993350174,-0.2529275854492793
2.196833236028266,-1.1201566705013173,0.24873518914058954,-1.3227736460929056,-0.7787018822244184,-0.2430404898155579,-0.535220465635788,0.18207952229822058
-1.1321799289111347,-0.589055361089882,0.46528734246539943,1.2710244176230037,0.13069493637562196,0.33383368632722266,-0.7431480568973554,-0.7749361147462792
0.38100787333404745,-0.7452616285638335,0.35701126580299447,0.42804004691533315,-0.7787018822244184,0.47805223036291805,-0.2736341411454289,1.6611036886397201
-0.5269048080130618,0.19197597627987598,-0.6174734241586501,0.23350519213663998,2.0000106190534828,-0.557699131347984,3.8245516092035294,-0.6879346931967791
0.9862829942321203,0.3794234972486179,0.7901155724526143,-1.3227736460929056,-0.7787018822244184,1.0811479599667344,0.7928331817768038,0.35608236539722055
-0.5269048080130618,-0.8389853890482045,0.35701126580299447,-0.15556451742074642,-0.11181088191772215,-0.04637883885779172,0.6352106529172288,-0.8619375362957792
-0.2242672475640254,-1.182639177490898,-0.6174734241586501,0.6874198532869241,-0.5968225185044104,0.3076121328661868,-0.41448831587100676,-0.6879346931967791
-1.1321799289111347,0.06701096230071471,1.0066677257774241,1.0764895628443105,-0.7787018822244184,0.4256091234408473,-0.8806485607961339,-0.33992900699877926
0.9862829942321203,2.066451185967295,-0.07609304084662534,1.206179466030106,2.2930384828246066,0.7533785417037908,-0.6894893236685637,0.7040880515952205
2.8021083569263388,0.9730073136496339,1.114943802439829,0.8171097564727196,-0.48567401845329433,-0.6756961219226435,0.9102116607147857,0.8780908946942204
-0.5269048080130618,0.25445848326945664,0.24873518914058954,0.36319509532243544,1.2927019823645625,0.16339358883049238,0.44069774496285913,-0.6879346931967791
-0.8295423684620983,-0.46409034711072067,0.35701126580299447,-1.3227736460929056,-0.7787018822244184,0.727156988242755,-0.8806485607961339,-0.6009332716472792
-0.2242672475640254,-0.30788407963676906,-0.6174734241586501,0.6874198532869241,-0.3341078820199542,-0.3217051501986645,-0.09924325815185624,-0.9489389578452792
-1.1321799289111347,-0.30788407963676906,-0.23850715584023277,-1.3227736460929056,-0.7787018822244184,-0.9641332099940338,0.6721010320120231,-0.16592616389977932
2.196833236028266,0.691836032196521,1.331495955764639,0.8171097564727196,0.6965418457267583,0.6091599976680955,-0.6894893236685637,1.5741022670902203
-1.1321799289111347,0.09825221579550503,-0.725749500821055,-0.4797892753852351,0.282261072808962,-1.3312349584485308,-0.02546249996226773,-1.035940379394779
-1.1321799289111347,1.379143609081908,1.114943802439829,0.8171097564727196,6.092296302753664,2.667551944359381,-0.10930427063225467,-0.8619375362957792
1.2889205546811568,-0.40160784012114004,0.032183035815779616,-1.3227736460929056,-0.7787018822244184,-0.1905973828934871,1.6614339259178679,0.008076679199220628
0.07837031288501103,0.5043885112277792,0.7901155724526143,-1.3227736460929056,-0.7787018822244184,-0.09882194577986297,-0.6961966653221627,-0.2529275854492793
1.8941956755792297,1.8165211580089724,0.032183035815779616,-1.3227736460929056,-0.7787018822244184,0.4124983467103293,-0.8705875483157354,0.35608236539722055
-0.2242672475640254,1.5665911300506499,0.14045911247818457,0.8171097564727196,0.5853933456756422,0.17650436556100937,-0.8739412191425349,-0.7749361147462792
0.9862829942321203,-1.182639177490898,0.46528734246539943,0.36319509532243544,-0.061288836439942124,-0.3479267036596999,1.0309438104795667,0.2690809438477206
-0.8295423684620983,-0.6202966145846722,-1.05057773080827,-0.35009937219943965,-0.4149431547844023,-1.016576316916105,0.22270914122089344,-0.6009332716472792
-1.1321799289111347,-0.026712798183656235,0.24873518914058954,-0.15556451742074642,-0.14212410920439017,-0.1905973828934871,-0.5855255280377801,-0.6009332716472792
1.5915581151301932,-0.995191656522156,-0.4009212708338402,-1.3227736460929056,-0.7787018822244184,-1.2394595213349067,-1.065100456270105,0.008076679199220628
-0.5269048080130618,0.25445848326945664,-3.7574796473683936,-1.3227736460929056,-0.7787018822244184,0.8582647555479325,-0.5218057823285901,0.7040880515952205
-1.1321799289111347,-0.05795405167844655,-3.7574796473683936,-1.3227736460929056,-0.7787018822244184,0.05850737498634986,-1.0684541270969043,-0.7749361147462792
0.07837031288501103,-0.3703665866263497,-0.29264519417143525,1.5304042239945947,0.221634618235626,0.3731660165187755,1.4937503845778943,-0.6009332716472792
-1.1321799289111347,0.19197597627987598,0.5735634191278044,1.0764895628443105,1.3432240278423424,0.5698276674765417,1.1550296310711474,-0.8619375362957792
0.683645433783084,-0.49533160060551096,0.032183035815779616,0.7522648048798218,-0.09160206372661013,-0.15126505270193377,-1.1321738728060944,0.35608236539722055
0.38100787333404745,-1.3700866984596398,0.6818394957902093,1.3358693692159014,-0.35431670021106626,0.5042737838239529,-1.0181490646949123,0.18207952229822058
-0.8295423684620983,-0.8077441355534142,-0.5091973474962451,-0.15556451742074642,-0.19264615468217017,-1.0559086471076584,-0.6693672987077669,-0.9489389578452792
0.38100787333404745,-0.49533160060551096,0.14045911247818457,0.5577299501011287,2.505231073831283,0.6484923278596484,-1.0080880522145137,-0.42693042854827923
-1.1321799289111347,0.44190600423819854,-0.07609304084662534,1.400714320808799,1.7474003916645826,1.3564742713076063,-0.3172318618938221,-0.7749361147462792
0.07837031288501103,0.31694099025903727,-0.07609304084662534,0.03897033735794677,0.8986300276378782,0.15028281209997443,-1.0047343813877143,-0.42693042854827923
-0.8295423684620983,-0.5578141075950916,-2.1333384974323195,1.1413345144372082,0.05996407270672993,1.4875820386127838,-0.9275999523713265,0.008076679199220628
-0.5269048080130618,-1.2138804309856883,-0.942301654145865,0.1038152889508445,0.38330516376452206,-0.452812917503842,4.156565021056678,-0.6879346931967791
-0.2242672475640254,0.2232172297746663,0.46528734246539943,-1.3227736460929056,-0.7787018822244184,-1.423010395562155,-0.6425379320933711,1.9221079532882202
-0.8295423684620983,0.0357697088059244,-0.29264519417143525,0.7522648048798218,0.7975859366823183,0.4124983467103293,0.779418498469606,-0.2529275854492793
-1.1321799289111347,0.5356297647225695,-3.7574796473683936,-1.3227736460929056,-0.7787018822244184,0.5698276674765417,1.5876531677282797,-0.6879346931967791
-1.1321799289111347,0.12949346929029534,-0.07609304084662534,-1.3227736460929056,-0.7787018822244184,-0.9510224332635163,-0.8504655233549386,-1.035940379394779
-1.1321799289111347,-0.6202966145846722,-0.23850715584023277,0.4928849985082309,-0.7787018822244184,-0.9641332099940338,-0.7465017277241549,-0.9489389578452792
1.2889205546811568,0.3794234972486179,0.14045911247818457,-1.3227736460929056,-0.7787018822244184,0.12406125863893858,-0.6358305904397721,0.5300852084962205
-0.5269048080130618,-0.30788407963676906,-0.5091973474962451,-1.3227736460929056,-0.7787018822244184,-0.7543607823057502,-0.3910126200834104,-0.8619375362957792
0.07837031288501103,-0.8077441355534142,-0.5091973474962451,0.7522648048798218,-0.7787018822244184,0.45183067690188217,-0.5888791988645796,-0.42693042854827923
0.38100787333404745,-0.12043655866802719,1.2232198791022342,-1.3227736460929056,-0.7787018822244184,0.2813905794051519,-0.41113464504420727,0.4430837869467205
-1.1321799289111347,1.379143609081908,0.35701126580299447,1.4655592724016968,1.7979224371423626,2.0906777682166,-0.6727209695345664,-0.6009332716472792
-0.8295423684620983,-0.3703665866263497,-1.7002341907826997,-0.15556451742074642,0.4338272092423021,-1.1607948609518,-0.17637768716824423,-0.6009332716472792
1.2889205546811568,-0.3391253331315594,0.35701126580299447,-1.3227736460929056,-0.7787018822244184,-0.5445883546174661,-0.7465017277241549,2.18311221793672
-1.1321799289111347,-0.46409034711072067,0.032183035815779616,1.0764895628443105,0.7167506639178702,0.976261746122592,0.4876491365380518,-0.9489389578452792
-0.8295423684620983,-0.8077441355534142,0.6818394957902093,0.2983501437295377,1.0400917549756623,0.3993875699798114,-0.7599164110313527,0.8780908946942204
-0.8295423684620983,-3.775663217558494,0.24873518914058954,-0.025874614234950962,-0.5463004730266303,-0.557699131347984,-0.5385741364625874,-1.035940379394779
1.2889205546811568,0.691836032196521,-0.1843691175090303,-1.3227736460929056,-0.7787018822244184,0.3862767932492935,-1.108698177018498,0.7040880515952205
-0.5269048080130618,-0.6202966145846722,-0.6174734241586501,-0.22040946901364417,1.8989665280979227,-1.016576316916105,0.5178321739792471,-0.8619375362957792
1.8941956755792297,-0.18291906565760782,1.548048109089449,-1.3227736460929056,-0.7787018822244184,-1.0427978703771406,1.886129871313433,0.0950781007487206
0.9862829942321203,0.6605947787017308,-0.5091973474962451,0.8171097564727196,1.1411358459312224,-0.41348058731228865,0.762650144335609,2.44411648258522
0.07837031288501103,-0.1516778121628175,0.14045911247818457,-0.5446342269781328,0.10038170908895395,-1.2919026282569774,0.011427879132526525,0.35608236539722055
-0.8295423684620983,0.16073472278508566,-0.5091973474962451,-1.3227736460929056,-0.7787018822244184,-0.2430404898155579,-0.37089059512261374,1.2260965808922204
-0.2242672475640254,-1.3388454449648495,0.032183035815779616,-1.3227736460929056,-0.7787018822244184,0.07161815171686779,-0.6358305904397721,0.5300852084962205
-0.8295423684620983,-0.6827791215742529,-0.6174734241586501,-0.6743241301639283,-0.7787018822244184,-0.8592469961498922,0.30655091189088035,-1.035940379394779
-0.8295423684620983,0.691836032196521,0.7901155724526143,0.16866024054374223,2.3536649373979426,1.3695850480381242,2.067228095960605,-0.9489389578452792
-0.8295423684620983,0.2232172297746663,1.0066677257774241,1.206179466030106,0.33278311828674206,0.5960492209375776,2.003508350251414,0.35608236539722055
0.683645433783084,-1.1201566705013173,0.46528734246539943,-1.3227736460929056,-0.7787018822244184,-0.09882194577986297,-0.26021945783823097,0.7910894731447204
-0.2242672475640254,-1.0576741635117366,-0.5091973474962451,-0.15556451742074642,-0.7787018822244184,-1.3312349584485308,-0.05229186657666355,-1.035940379394779
2.4994707964773024,-0.46409034711072067,0.5735634191278044,-1.3227736460929056,-0.7787018822244184,-1.0952409772992113,-1.0818688104041023,0.9650923162437204
-0.5269048080130618,-0.6515378680794626,-0.29264519417143525,0.16866024054374223,-0.7787018822244184,-0.29548359673762914,-0.30717084941342365,-1.035940379394779
1.5915581151301932,0.09825221579550503,0.032183035815779616,0.8171097564727196,3.2832705741890953,0.45183067690188217,-0.5955865405181786,0.0950781007487206
-1.1321799289111347,-0.8077441355534142,-0.29264519417143525,1.206179466030106,0.282261072808962,1.658022136109515,-0.31387819106702264,-0.9489389578452792
-0.8295423684620983,-1.3076041914700591,0.302873227471792,0.6225749016940264,-0.7787018822244184,0.006064268064279069,-0.2132680662630383,-0.9489389578452792
0.683645433783084,-0.4328490936159303,1.0066677257774241,-1.3227736460929056,-0.7787018822244184,0.6353815511291304,0.8967969774075877,-0.16592616389977932
0.07837031288501103,-0.9639504030273658,-3.7574796473683936,-1.3227736460929056,-0.7787018822244184,-0.5183668011564307,0.5044174906720492,-0.16592616389977932
-0.5269048080130618,-1.1201566705013173,-0.23850715584023277,-1.3227736460929056,-0.7787018822244184,1.002483299583628,1.5775921552478813,-0.5139318500977792
0.9862829942321203,1.2229373416079565,-0.83402557748346,0.7522648048798218,0.9895697094978824,-0.1905973828934871,0.4306367324824607,0.5300852084962205
0.683645433783084,1.285419848597537,-0.4009212708338402,-1.3227736460929056,-0.7787018822244184,-1.0034655401855872,-0.9443683065053239,1.4871008455407202
0.9862829942321203,-1.2451216844804787,0.46528734246539943,1.2710244176230037,-0.2936902456377302,1.933348447450388,-0.6660136278809674,0.7910894731447204
-0.8295423684620983,-0.4328490936159303,0.14045911247818457,0.6225749016940264,0.04985966361117393,-0.15126505270193377,1.2120420351267382,-0.7749361147462792
-0.8295423684620983,-0.4328490936159303,-0.07609304084662534,-0.0907195658278487,-0.7787018822244184,-0.7150284521141969,-0.9879660272537168,-0.7749361147462792
0.07837031288501103,0.7230772856913114,0.6818394957902093,0.7522648048798218,-0.7787018822244184,0.8582647555479325,0.31661192437127883,0.35608236539722055
0.9862829942321203,-0.21416031915239814,0.35701126580299447,-0.22040946901364417,0.33278311828674206,-1.0690194238381758,0.021488891612924957,-0.16592616389977932
-1.1321799289111347,0.4106647507434082,-0.6174734241586501,-0.025874614234950962,2.1616811645823786,-0.7281392288447148,-0.3608295826422153,-1.035940379394779
-0.5269048080130618,0.19197597627987598,-1.2671298841330798,0.03897033735794677,2.606275164786843,0.32072290959670474,-0.9510756481589229,-0.9489389578452792
-1.1321799289111347,1.8477624115037627,1.114943802439829,0.36319509532243544,0.13069493637562196,0.5960492209375776,-0.4882690740605953,0.18207952229822058
1.8941956755792297,1.472867369566279,0.24873518914058954,-1.3227736460929056,-0.7787018822244184,0.7927108718953437,0.25959952031568767,0.0950781007487206
1.5915581151301932,1.5665911300506499,2.1977045690638786,0.23350519213663998,1.6463563007090225,1.7629083499536566,0.8766749524467908,1.83510653173872
0.9862829942321203,-0.46409034711072067,1.2232198791022342,-0.15556451742074642,-0.7787018822244184,-1.2132379678738712,-0.7532090693777538,1.3130980024417203
0.07837031288501103,-0.026712798183656235,-0.07609304084662534,-1.3227736460929056,-0.7787018822244184,-0.3085943734681466,0.8364309025251971,0.0950781007487206
0.683645433783084,2.3163812139256175,0.032183035815779616,-1.3227736460929056,-0.7787018822244184,-0.1381542759714163,-0.4413176824854026,-0.16592616389977932
0.07837031288501103,0.7543185391861017,0.6818394957902093,-0.15556451742074642,-0.7787018822244184,0.07161815171686779,-0.7532090693777538,3.22712927653072
-1.1321799289111347,-0.49533160060551096,-0.07609304084662534,0.1038152889508445,-0.7787018822244184,-1.5672289395978503,-0.7498553985509544,-0.9489389578452792
0.38100787333404745,0.691836032196521,0.46528734246539943,-1.3227736460929056,-0.7787018822244184,1.7104652430315859,-0.9041242565837302,1.2260965808922204
0.683645433783084,-1.276362937975269,0.5735634191278044,1.0116446112514128,-0.7787018822244184,1.0287048530446627,-0.9477219773321234,-0.42693042854827923
2.8021083569263388,-1.4013279519544302,-0.5091973474962451,-1.3227736460929056,-0.7787018822244184,0.11095048190842065,-0.9376609648517249,0.7040880515952205
-1.1321799289111347,0.25445848326945664,2.1977045690638786,1.6600941271803902,0.5348713001978621,4.607946900476006,-0.47150071992659787,-0.6009332716472792
-0.8295423684620983,-1.088915417006527,-0.1843691175090303,2.0491638367377765,-0.12191529101327815,1.2253665040024289,1.533994434499488,-0.33992900699877926
-0.2242672475640254,0.25445848326945664,1.2232198791022342,1.8546289819590833,0.7874815275867623,0.5829384442070596,1.7050316466662612,-0.07892474235027935
-0.5269048080130618,-0.21416031915239814,-0.07609304084662534,0.1038152889508445,-0.7787018822244184,-0.42659136404280656,-1.2327839976100787,-0.6879346931967791
0.683645433783084,-0.12043655866802719,1.439772032427044,-1.3227736460929056,-0.7787018822244184,-0.42659136404280656,-1.0147953938681127,-0.2529275854492793
-1.1321799289111347,2.1289336929568754,1.8728763390766638,0.2983501437295377,-0.7787018822244184,0.3076121328661868,-0.08247490401785885,0.7040880515952205
0.9862829942321203,-0.6515378680794626,-3.7574796473683936,-1.3227736460929056,-0.7787018822244184,-0.25615126654607584,0.08185496649531537,-0.07892474235027935
1.2889205546811568,0.16073472278508566,0.24873518914058954,1.1413345144372082,-0.020871200057718104,-0.7936931124973036,-0.9980270397341153,0.5300852084962205
-0.2242672475640254,-0.30788407963676906,-0.725749500821055,1.206179466030106,-0.7787018822244184,-0.2430404898155579,0.32667293685167725,-0.2529275854492793
0.38100787333404745,0.7230772856913114,0.6818394957902093,0.36319509532243544,2.1010547100090426,0.006064268064279069,-0.02546249996226773,2.18311221793672
0.38100787333404745,2.1289336929568754,-0.29264519417143525,0.8171097564727196,2.505231073831283,-0.09882194577986297,0.4138683783484633,-0.33992900699877926
-1.1321799289111347,-0.6202966145846722,-0.29264519417143525,-0.22040946901364417,-0.7787018822244184,-1.4361211722926728,-0.6961966653221627,-1.035940379394779
-0.8295423684620983,-0.6515378680794626,0.14045911247818457,-0.5446342269781328,-0.07139324553549813,-0.8723577728804097,0.6653936903584241,-0.42693042854827923
-1.1321799289111347,-1.4950517124388012,-3.7574796473683936,-1.3227736460929056,-0.7787018822244184,-1.423010395562155,-0.3943662909102099,-0.6879346931967791
-0.8295423684620983,-3.775663217558494,-0.07609304084662534,0.9467996596585151,-0.7787018822244184,0.006064268064279069,-0.23674376205063463,-0.9489389578452792
-0.5269048080130618,-0.05795405167844655,-3.7574796473683936,-1.3227736460929056,-0.7787018822244184,-1.619672046519921,1.2489324142215326,3.4011321196297195
-1.1321799289111347,-0.8389853890482045,-3.7574796473683936,-1.3227736460929056,-0.7787018822244184,-4.189384285701399,-0.6827819820149648,-0.6879346931967791
1.2889205546811568,0.12949346929029534,1.439772032427044,-1.3227736460929056,-0.7787018822244184,-4.189384285701399,-0.7632700818581521,1.83510653173872
-0.8295423684620983,-0.30788407963676906,0.8983916491150192,-0.0907195658278487,-0.7787018822244184,-0.2430404898155579,-1.0617467854433054,-0.8619375362957792
0.9862829942321203,2.347622467420408,1.114943802439829,-1.3227736460929056,-0.7787018822244184,1.0287048530446627,-0.02881617078906721,0.7040880515952205
-0.5269048080130618,1.1604548346183758,1.114943802439829,-1.3227736460929056,-0.7787018822244184,-0.04637883885779172,1.158383301897947,2.87912359033272
-0.8295423684620983,-0.7452616285638335,-0.29264519417143525,-0.0907195658278487,0.04985966361117393,-1.8032229207471697,-0.5385741364625874,-1.035940379394779
-0.8295423684620983,0.004528455311134083,0.46528734246539943,1.206179466030106,-0.030975609153274106,0.9238186392005212,-0.6660136278809674,-0.42693042854827923
-0.2242672475640254,-0.40160784012114004,-0.4009212708338402,0.23350519213663998,-0.7787018822244184,-0.7805823357667856,-0.7934531192993475,-0.6879346931967791
1.2889205546811568,0.9417660601548435,0.46528734246539943,0.7522648048798218,1.3432240278423424,1.435138931690713,0.18917243295289865,0.2690809438477206
-0.2242672475640254,-0.5578141075950916,0.14045911247818457,0.6225749016940264,0.7571683003000942,-0.5708099080785015,0.9068579898879862,-0.5139318500977792
-0.5269048080130618,-0.6827791215742529,0.032183035815779616,-0.2852544206065419,-0.3341078820199542,-1.5147858326757795,-0.7532090693777538,-0.5139318500977792
-0.5269048080130618,-0.12043655866802719,1.114943802439829,-0.0907195658278487,-0.061288836439942124,-0.8854685496109276,-0.49162274488739477,-1.035940379394779
0.07837031288501103,0.4106647507434082,0.14045911247818457,-1.3227736460929056,-0.7787018822244184,-1.0690194238381758,-0.6123548946521757,2.35711506103572
-0.8295423684620983,0.3794234972486179,1.764600262414259,0.4928849985082309,0.6359153911534222,0.11095048190842065,-0.7565627402045532,1.0520937377932202
-0.8295423684620983,1.8477624115037627,-3.7574796473683936,-1.3227736460929056,-0.7787018822244184,1.4875820386127838,-0.5955865405181786,0.7040880515952205
0.683645433783084,-0.21416031915239814,-3.7574796473683936,-1.3227736460929056,-0.7787018822244184,-4.189384285701399,-0.9074779274105296,-0.6009332716472792
-0.5269048080130618,-0.40160784012114004,0.5735634191278044,-1.3227736460929056,-0.7787018822244184,-0.6494745684616081,-0.6727209695345664,1.6611036886397201
0.07837031288501103,0.6293535252069404,0.24873518914058954,-1.3227736460929056,-0.7787018822244184,-0.5708099080785015,-0.7230260319365586,0.6170866300457205
-1.1321799289111347,-0.8389853890482045,0.032183035815779616,0.42804004691533315,0.38330516376452206,1.5138035920738198,-0.37759793677621273,-1.035940379394779
0.38100787333404745,-0.6827791215742529,-0.83402557748346,0.4928849985082309,0.05996407270672993,0.26827980267463397,0.13216002889730755,-0.2529275854492793
-0.8295423684620983,1.0042485671444241,0.6818394957902093,1.400714320808799,4.121936529120243,1.1335910668888052,0.762650144335609,-0.8619375362957792
-0.8295423684620983,-3.775663217558494,-1.158853807470675,-0.025874614234950962,-0.7787018822244184,-0.9510224332635163,-1.0718077979237037,-0.9489389578452792
-1.1321799289111347,-0.589055361089882,-0.29264519417143525,1.6600941271803902,0.00944202722894991,1.1335910668888052,0.1220990164169091,-1.035940379394779
-1.1321799289111347,-0.5265728541003013,-0.29264519417143525,0.16866024054374223,0.3934095728600781,-0.5445883546174661,-0.018755158308668776,-0.8619375362957792
-0.8295423684620983,-0.8077441355534142,-0.1843691175090303,-0.4797892753852351,-0.39473433659329027,-1.619672046519921,-0.42119565752460575,-0.6879346931967791
0.9862829942321203,0.6605947787017308,1.114943802439829,0.23350519213663998,4.071414483642464,-0.20370815962400501,-1.1120518478452976,0.8780908946942204
1.2889205546811568,-0.3703665866263497,0.35701126580299447,1.206179466030106,0.3732007546689661,-0.5314775778869486,0.6050276154760336,-0.16592616389977932
-0.5269048080130618,-0.40160784012114004,-0.4009212708338402,0.7522648048798218,-0.2128549728732822,-0.8854685496109276,-1.1120518478452976,-1.035940379394779
0.9862829942321203,1.879003664998553,0.7901155724526143,0.03897033735794677,1.1613446641223344,0.5173845605544709,0.4239293908288617,1.5741022670902203
3.4073834778244114,0.4731472577329888,0.032183035815779616,0.7522648048798218,0.33278311828674206,0.6747138813206842,-1.0282100771753107,0.8780908946942204
-0.8295423684620983,-0.46409034711072067,0.032183035815779616,0.4928849985082309,0.5853933456756422,0.2945013561356698,-1.065100456270105,-0.9489389578452792
0.38100787333404745,-1.3388454449648495,-1.158853807470675,-1.3227736460929056,-0.7787018822244184,0.2289474724830811,0.6519790070512262,-0.6879346931967791
-0.8295423684620983,-1.0264329100169465,-2.1333384974323195,1.400714320808799,0.221634618235626,3.0215429160833605,0.1220990164169091,-0.6009332716472792
-0.8295423684620983,0.2232172297746663,0.6818394957902093,-0.22040946901364417,1.0704049822623303,-0.5839206848090194,-1.1556495685936907,-0.9489389578452792
0.38100787333404745,-0.40160784012114004,0.14045911247818457,1.4655592724016968,-0.020871200057718104,0.5436061140155067,-0.6593062862273684,0.008076679199220628
1.5915581151301932,1.3479023555871177,0.7901155724526143,0.03897033735794677,-0.7787018822244184,-0.15126505270193377,1.245578743394733,-0.07892474235027935
0.683645433783084,0.8480422996704726,0.14045911247818457,0.9467996596585151,-0.7787018822244184,0.21583669575256317,0.5614298947276403,1.4871008455407202
0.683645433783084,2.160174946451666,1.2232198791022342,-1.3227736460929056,-0.7787018822244184,0.46494145363240014,-0.6090012238253762,2.87912359033272
-0.2242672475640254,-1.2451216844804787,0.8983916491150192,-0.2852544206065419,-0.11181088191772215,-0.5839206848090194,-0.5150984406749911,-0.9489389578452792
1.8941956755792297,-1.6512579799127527,1.9811524157390688,0.16866024054374223,-0.28358583654217423,0.46494145363240014,-0.5855255280377801,1.2260965808922204
-0.8295423684620983,-0.9639504030273658,-0.07609304084662534,-0.8040140333497238,-0.7787018822244184,-0.9772439867245517,2.2751556872221714,0.2690809438477206
0.38100787333404745,-0.21416031915239814,0.24873518914058954,-1.3227736460929056,-0.7787018822244184,-0.9248008798024809,0.9538093814631788,2.09611079638722
-0.8295423684620983,0.09825221579550503,0.24873518914058954,1.0116446112514128,-0.7787018822244184,-0.5445883546174661,-1.205954630995683,-0.2529275854492793
0.38100787333404745,0.09825221579550503,0.24873518914058954,-1.3227736460929056,-0.7787018822244184,0.26827980267463397,-0.803514131779746,0.4430837869467205
0.07837031288501103,2.378863720915198,0.032183035815779616,1.206179466030106,6.738978484869249,0.6222707743986134,6.269377641940347,-0.16592616389977932
1.2889205546811568,2.0352099324725046,1.114943802439829,0.9467996596585151,1.4947901642756825,0.33383368632722266,-0.12271895393945258,0.35608236539722055
0.07837031288501103,0.19197597627987598,1.0066677257774241,-0.6094791785710306,0.7874815275867623,0.33383368632722266,0.46417344075045547,-0.42693042854827923
0.683645433783084,-0.9327091495325754,-3.7574796473683936,-1.3227736460929056,-0.7787018822244184,-0.2823728200071112,0.13886737055090648,-0.16592616389977932
2.8021083569263388,-0.46409034711072067,0.032183035815779616,-1.3227736460929056,-0.7787018822244184,0.2945013561356698,-0.6995503361489622,1.6611036886397201
-0.2242672475640254,-0.18291906565760782,-0.1843691175090303,1.206179466030106,0.6359153911534222,0.8058216486258617,-1.038271089655709,-0.42693042854827923
-0.5269048080130618,0.0357697088059244,-0.5091973474962451,-0.15556451742074642,0.29236548190451805,-0.2823728200071112,0.863260269139593,-0.9489389578452792
0.07837031288501103,1.0354898206392145,-0.4009212708338402,0.6874198532869241,2.090950300913487,0.11095048190842065,-0.7465017277241549,-0.8619375362957792
0.07837031288501103,0.34818224375382756,0.8983916491150192,0.6874198532869241,-0.7787018822244184,-0.5183668011564307,-0.1361336372466505,2.61811932568422
-0.8295423684620983,1.6290736370402306,0.24873518914058954,-1.3227736460929056,-0.7787018822244184,0.6353815511291304,-1.2461986809172767,0.4430837869467205
-0.2242672475640254,1.5041086230610692,0.24873518914058954,-0.0907195658278487,0.4843492547200821,-0.26926204327659375,-0.6425379320933711,-0.16592616389977932
0.38100787333404745,0.16073472278508566,0.46528734246539943,0.42804004691533315,-0.5564048821221863,-0.3085943734681466,-0.06906022071066094,0.6170866300457205
-1.1321799289111347,-0.589055361089882,-0.942301654145865,-1.3227736460929056,-0.7787018822244184,-0.8985793263414451,-1.2797353891852712,-1.035940379394779
-1.1321799289111347,-0.4328490936159303,-0.5091973474962451,0.2983501437295377,-0.7787018822244184,-0.7281392288447148,-1.0952834937113,-0.8619375362957792
-1.1321799289111347,0.5043885112277792,-0.07609304084662534,-0.41494432379233737,0.7167506639178702,-0.9379116565329985,-1.0617467854433054,-1.035940379394779
0.683645433783084,-1.276362937975269,-0.1843691175090303,0.6225749016940264,-0.7787018822244184,-0.7543607823057502,-0.49162274488739477,0.7040880515952205
-0.8295423684620983,-0.05795405167844655,1.0066677257774241,1.3358693692159014,0.9390476640201023,1.7497975732231388,0.15898939551170335,-0.6009332716472792
-0.8295423684620983,0.785559792680892,-0.725749500821055,-1.3227736460929056,-0.7787018822244184,-0.29548359673762914,0.3501486326392732,-0.33992900699877926
0.38100787333404745,-3.775663217558494,0.5735634191278044,0.7522648048798218,-0.7787018822244184,1.186034173810876,-0.38095160760301217,0.35608236539722055
-1.1321799289111347,-0.08919530517323687,-0.29264519417143525,0.16866024054374223,0.12059052728006596,-4.189384285701399,4.263882487514261,-1.035940379394779
-1.1321799289111347,2.0976924394620853,0.6818394957902093,-0.41494432379233737,1.0906138004534425,0.006064268064279069,0.7458817902016116,-0.9489389578452792
-0.2242672475640254,0.6293535252069404,-3.7574796473683936,-1.3227736460929056,-0.7787018822244184,-0.25615126654607584,1.01082178551877,-0.5139318500977792
0.38100787333404745,1.1604548346183758,0.7901155724526143,1.3358693692159014,1.3432240278423424,0.976261746122592,-0.21662173708983778,-0.33992900699877926
-0.8295423684620983,-0.8702266425429948,0.032183035815779616,0.6874198532869241,-0.7787018822244184,-0.20370815962400501,-0.4849154032337958,-0.8619375362957792
-0.5269048080130618,1.1292135811235855,0.24873518914058954,0.9467996596585151,3.6672381198202233,0.976261746122592,-1.0919298228845007,-0.2529275854492793
0.07837031288501103,0.7230772856913114,-0.6174734241586501,0.4928849985082309,0.6359153911534222,-0.3217051501986645,-0.5788181863841811,0.35608236539722055
-1.1321799289111347,-0.49533160060551096,-0.29264519417143525,1.3358693692159014,0.6561242093445342,1.2515880574634648,-0.9611366606393212,-0.9489389578452792
1.8941956755792297,0.3794234972486179,-0.07609304084662534,-1.3227736460929056,-0.7787018822244184,-0.6494745684616081,-0.7196723611097591,0.2690809438477206
0.683645433783084,-0.18291906565760782,-0.5091973474962451,1.206179466030106,-0.7787018822244184,0.2289474724830811,-0.7196723611097591,0.6170866300457205
-0.8295423684620983,1.3166611020923273,0.14045911247818457,-1.3227736460929056,-0.7787018822244184,0.9238186392005212,2.5568640366733275,0.008076679199220628
-1.1321799289111347,1.8477624115037627,0.46528734246539943,2.7624583042596513,-0.6372401548866343,3.598417092226141,6.574561687179099,-0.6879346931967791
-0.8295423684620983,0.7230772856913114,0.6818394957902093,1.6600941271803902,1.0400917549756623,1.8546837870672812,-0.41784198669780626,1.1390951593427203
-1.1321799289111347,0.6293535252069404,0.7901155724526143,0.36319509532243544,-0.7787018822244184,0.05850737498634986,-0.0891822456714578,-0.9489389578452792
-0.5269048080130618,-0.18291906565760782,-0.29264519417143525,0.1038152889508445,-0.7787018822244184,-0.15126505270193377,-0.12942629559305155,-1.035940379394779
0.38100787333404745,0.2856997367642469,0.6818394957902093,-1.3227736460929056,-0.7787018822244184,0.9369294159310391,1.6647875967446673,0.35608236539722055
-0.2242672475640254,0.9105248066600533,0.35701126580299447,-1.3227736460929056,-0.7787018822244184,-1.4361211722926728,-0.8471118525281393,0.35608236539722055
-0.2242672475640254,-1.2138804309856883,0.032183035815779616,-1.3227736460929056,-0.7787018822244184,-1.423010395562155,-0.23674376205063463,-0.6879346931967791
0.07837031288501103,-0.12043655866802719,-0.4009212708338402,-0.5446342269781328,-0.7787018822244184,-0.29548359673762914,-0.26692679949182996,-0.2529275854492793
-0.8295423684620983,-0.589055361089882,0.24873518914058954,-1.3227736460929056,-0.7787018822244184,0.9893725228531098,-0.5586961614233843,0.7910894731447204
-0.5269048080130618,-0.9639504030273658,0.032183035815779616,-0.22040946901364417,-0.7787018822244184,-0.6101422382700549,-1.2562596933976748,-0.9489389578452792
-1.1321799289111347,-0.24540157264718845,0.35701126580299447,-1.3227736460929056,-0.7787018822244184,0.17650436556100937,-0.6090012238253762,-0.8619375362957792
-0.2242672475640254,1.660314890535021,-0.6174734241586501,0.1038152889508445,1.1815534823134464,0.12406125863893858,0.44740508661645806,0.2690809438477206
1.5915581151301932,1.0354898206392145,0.46528734246539943,0.6225749016940264,0.231739027331182,-0.1381542759714163,-0.9913196980805163,1.0520937377932202
0.9862829942321203,2.2851399604308273,-0.07609304084662534,0.4928849985082309,-0.7787018822244184,0.5173845605544709,0.9571630522899783,0.7040880515952205
1.2889205546811568,-0.9327091495325754,0.6818394957902093,-1.3227736460929056,-0.7787018822244184,0.47805223036291805,0.4272830616556612,3.0531264334317196
0.683645433783084,1.4103848625766984,0.24873518914058954,-1.3227736460929056,-0.7787018822244184,-0.7019176753836789,-0.5218057823285901,2.87912359033272
2.4994707964773024,0.5981122717121501,0.8442536107838168,0.8171097564727196,-0.7787018822244184,0.7140462115122371,-0.7230260319365586,0.7040880515952205
-1.1321799289111347,0.06701096230071471,0.14045911247818457,-1.3227736460929056,-0.7787018822244184,0.5698276674765417,-0.6760746403613659,1.6611036886397201
-0.8295423684620983,-0.05795405167844655,-1.3754059607954847,1.724939078773288,-0.14212410920439017,0.46494145363240014,-0.6022938821717774,-0.6879346931967791
-0.2242672475640254,-0.27664282614197877,0.24873518914058954,0.6225749016940264,-0.7787018822244184,-0.04637883885779172,-0.8806485607961339,-0.6879346931967791
-0.8295423684620983,-0.9639504030273658,-0.4009212708338402,-0.5446342269781328,-0.34421229111551027,-0.6232530150005727,0.40380736586806487,-0.7749361147462792
-0.5269048080130618,-0.8702266425429948,-0.29264519417143525,0.7522648048798218,0.8380035730645423,0.7927108718953437,0.7190524235872158,-0.8619375362957792
-0.5269048080130618,-0.40160784012114004,-0.942301654145865,0.36319509532243544,-0.14212410920439017,0.07161815171686779,-0.47485439075339736,-0.9489389578452792
-0.8295423684620983,-0.30788407963676906,1.331495955764639,-1.3227736460929056,-0.7787018822244184,0.11095048190842065,-0.6525989445737695,1.0520937377932202
0.38100787333404745,-0.46409034711072067,0.6818394957902093,0.6225749016940264,-0.7787018822244184,0.9893725228531098,-0.5821718572109806,0.4430837869467205
-0.2242672475640254,2.2538987069360368,0.032183035815779616,0.6874198532869241,-0.7787018822244184,0.3862767932492935,-0.7330870444169569,-0.6879346931967791
0.07837031288501103,0.12949346929029534,0.032183035815779616,-0.15556451742074642,0.4540360274334141,-0.4003698105817712,2.2952777121829686,1.0520937377932202
0.07837031288501103,0.25445848326945664,-0.5091973474962451,-0.5446342269781328,1.5554166188490184,-0.5839206848090194,0.2260628120476929,-0.16592616389977932
-0.8295423684620983,-0.18291906565760782,0.032183035815779616,0.6225749016940264,0.191321390948958,0.3469444630577406,0.23277015370129187,-0.07892474235027935
-0.5269048080130618,-1.0576741635117366,-3.7574796473683936,0.16866024054374223,-0.7787018822244184,-0.4003698105817712,1.0510658354403637,-0.6879346931967791
-1.1321799289111347,0.34818224375382756,0.46528734246539943,-1.3227736460929056,-0.7787018822244184,0.05850737498634986,-0.22332907874343672,-1.035940379394779
-0.5269048080130618,1.0667310741340048,0.24873518914058954,-0.22040946901364417,0.191321390948958,-0.7019176753836789,-0.0891822456714578,-0.5139318500977792
-0.8295423684620983,-0.6515378680794626,-0.1843691175090303,0.5577299501011287,1.2017623005045583,0.006064268064279069,-0.05229186657666355,0.7910894731447204
0.9862829942321203,2.066451185967295,-1.05057773080827,0.8171097564727196,3.182226483233535,0.255169025944116,1.2288103892607356,0.0950781007487206
1.8941956755792297,0.5668710182173597,0.5735634191278044,-1.3227736460929056,-0.7787018822244184,-0.6363637917310903,3.291317947742413,2.09611079638722
-1.1321799289111347,-0.6202966145846722,-0.4009212708338402,-1.3227736460929056,-0.7787018822244184,-1.3181241817180134,-0.41448831587100676,-0.6879346931967791
1.2889205546811568,2.378863720915198,0.24873518914058954,-1.3227736460929056,-0.7787018822244184,-0.7936931124973036,2.4529002410425442,0.5300852084962205
-0.5269048080130618,-0.026712798183656235,0.35701126580299447,1.0764895628443105,0.282261072808962,1.0155940763141458,-0.8202824859137433,-0.33992900699877926
-0.2242672475640254,-0.9639504030273658,0.46528734246539943,-1.3227736460929056,-0.7787018822244184,1.408917378229678,0.3333802785052762,-1.035940379394779
1.8941956755792297,0.12949346929029534,0.032183035815779616,0.36319509532243544,0.38330516376452206,-0.11193272251038044,-0.8538191941817381,0.7040880515952205
0.683645433783084,-0.40160784012114004,-1.3754059607954847,-0.025874614234950962,0.5348713001978621,-1.0427978703771406,1.1852126685123423,0.18207952229822058
-0.2242672475640254,-0.30788407963676906,1.114943802439829,-0.5446342269781328,0.00944202722894991,-0.4659236942343599,0.11874534559010963,-0.33992900699877926
-0.5269048080130618,-0.9639504030273658,-0.07609304084662534,1.400714320808799,-0.7787018822244184,0.8189324253563796,0.14557471220450544,-0.5139318500977792
-0.8295423684620983,0.2856997367642469,-0.5091973474962451,0.16866024054374223,0.9390476640201023,-0.43970214077332404,0.779418498469606,-1.035940379394779
1.5915581151301932,1.9727274254829241,0.8442536107838168,-0.35009937219943965,-0.7787018822244184,-0.25615126654607584,2.526680999232133,1.4000994239912203
3.104745917375375,-0.6515378680794626,0.46528734246539943,0.2983501437295377,1.0805093913578865,0.6091599976680955,-0.15960933303424685,1.1390951593427203
0.07837031288501103,0.2232172297746663,0.032183035815779616,-1.3227736460929056,-0.7787018822244184,0.3076121328661868,-0.5251594531553896,-0.7749361147462792
-0.8295423684620983,-0.7452616285638335,-0.07609304084662534,0.03897033735794677,-0.7787018822244184,-0.6232530150005727,2.1309478416697942,-0.9489389578452792
-0.2242672475640254,-0.1516778121628175,0.24873518914058954,-0.35009937219943965,0.282261072808962,-0.7412500055752322,-1.1824789352080867,-0.7749361147462792
-0.2242672475640254,0.0357697088059244,0.46528734246539943,-1.3227736460929056,-0.7787018822244184,-1.1739056376823178,-0.6894893236685637,0.6170866300457205
2.196833236028266,-0.30788407963676906,0.7901155724526143,1.2710244176230037,-0.7787018822244184,1.946459224180905,1.560823801113884,1.0520937377932202
1.2889205546811568,2.0976924394620853,0.46528734246539943,-1.3227736460929056,-0.7787018822244184,2.0906777682166,-1.0818688104041023,0.8780908946942204
-0.2242672475640254,-0.026712798183656235,0.032183035815779616,0.6225749016940264,0.5853933456756422,1.435138931690713,-0.02546249996226773,-0.2529275854492793
0.9862829942321203,-0.7452616285638335,0.35701126580299447,0.7522648048798218,0.14079934547117798,1.172923397080358,1.379725576466712,-0.07892474235027935
-0.8295423684620983,-0.8077441355534142,0.24873518914058954,0.03897033735794677,-0.04108001824883011,-0.7936931124973036,0.7156987527604163,0.2690809438477206
-0.5269048080130618,-0.6827791215742529,-3.7574796473683936,-1.3227736460929056,-0.7787018822244184,-1.27879185152646,-1.179125264381287,-0.8619375362957792
-0.8295423684620983,-0.05795405167844655,0.8983916491150192,1.206179466030106,1.4442681187979023,1.7891299034146926,1.1684443143783454,-0.33992900699877926
0.07837031288501103,-1.4013279519544302,-0.4009212708338402,-1.3227736460929056,-0.7787018822244184,0.26827980267463397,-0.23003642039703567,-0.6879346931967791
0.683645433783084,0.12949346929029534,0.46528734246539943,0.6874198532869241,-0.7787018822244184,-0.5708099080785015,0.3535023034660727,1.4000994239912203
-0.8295423684620983,-1.3076041914700591,-0.5091973474962451,1.400714320808799,-0.2936902456377302,1.5138035920738198,0.7324671068944136,-0.8619375362957792
-0.8295423684620983,2.347622467420408,0.35701126580299447,1.0116446112514128,1.7372959825690266,0.5960492209375776,1.39314025977391,-0.33992900699877926
-0.8295423684620983,-1.2138804309856883,-0.29264519417143525,-0.4797892753852351,0.181216981853402,-1.4098996188316375,-0.1495483205538484,-0.8619375362957792
-1.1321799289111347,-0.6515378680794626,1.0066677257774241,2.567923449480958,0.33278311828674206,1.946459224180905,1.6849096217054642,-0.16592616389977932
-1.1321799289111347,-0.4328490936159303,0.35701126580299447,-1.3227736460929056,-0.7787018822244184,1.7497975732231388,0.7592964735088095,-0.7749361147462792
0.9862829942321203,-0.05795405167844655,-3.7574796473683936,-1.3227736460929056,-0.7787018822244184,-0.8854685496109276,-0.8404045108745403,0.35608236539722055
-1.1321799289111347,0.785559792680892,0.032183035815779616,-1.3227736460929056,-0.7787018822244184,0.7796000951648258,-0.42119565752460575,-0.42693042854827923
0.9862829942321203,-0.4328490936159303,0.24873518914058954,-1.3227736460929056,-0.7787018822244184,-0.3085943734681466,-0.6894893236685637,-0.16592616389977932
1.5915581151301932,0.2856997367642469,0.032183035815779616,-1.3227736460929056,-0.7787018822244184,0.2945013561356698,0.6452716653976273,1.0520937377932202
-1.1321799289111347,0.09825221579550503,0.032183035815779616,-0.025874614234950962,-0.7787018822244184,-0.5970314615395373,-0.6894893236685637,0.2690809438477206
-0.8295423684620983,-0.24540157264718845,-0.29264519417143525,0.9467996596585151,-0.7787018822244184,0.21583669575256317,0.2797215452764846,-1.035940379394779
0.9862829942321203,0.12949346929029534,0.8983916491150192,-1.3227736460929056,-0.7787018822244184,0.740267764973273,-0.5218057823285901,1.5741022670902203
0.683645433783084,1.9414861719881338,1.331495955764639,-1.3227736460929056,-0.7787018822244184,1.1598126203498402,3.3583913642784027,1.0520937377932202
1.2889205546811568,-1.7449817403971237,0.14045911247818457,0.16866024054374223,-0.7787018822244184,0.006064268064279069,0.4708807824040544,0.7910894731447204
-0.2242672475640254,-0.30788407963676906,-0.4009212708338402,-1.3227736460929056,-0.7787018822244184,-1.2263487446043888,-1.065100456270105,-1.035940379394779
0.07837031288501103,0.785559792680892,1.2232198791022342,-1.3227736460929056,-0.7787018822244184,-0.09882194577986297,0.26630686196928666,2.44411648258522
-0.5269048080130618,1.660314890535021,1.0066677257774241,1.0764895628443105,0.4338272092423021,1.644911359378997,0.6251496404368304,-0.7749361147462792
-1.1321799289111347,-0.7452616285638335,-0.29264519417143525,1.0116446112514128,0.231739027331182,0.6353815511291304,0.4708807824040544,-0.6879346931967791
-0.5269048080130618,0.6605947787017308,0.6818394957902093,-0.15556451742074642,-0.13201970010883415,-0.9510224332635163,1.01082178551877,-1.035940379394779
0.683645433783084,-1.0576741635117366,0.5735634191278044,-1.3227736460929056,-0.7787018822244184,-1.1476840842212825,-1.2596133642244745,-0.07892474235027935
-0.5269048080130618,0.7230772856913114,-0.6174734241586501,0.8171097564727196,0.5853933456756422,-0.04637883885779172,-0.12607262476625206,-0.6879346931967791
-1.1321799289111347,0.16073472278508566,0.8983916491150192,0.42804004691533315,0.4338272092423021,-0.5970314615395373,0.18581876212609919,-1.035940379394779
-1.1321799289111347,0.004528455311134083,-0.1843691175090303,0.6225749016940264,0.8885256185423223,0.3076121328661868,-0.8605265358353369,0.008076679199220628
0.38100787333404745,0.2232172297746663,0.5735634191278044,-1.3227736460929056,-0.7787018822244184,0.3469444630577406,-1.058393114616506,1.0520937377932202
-1.1321799289111347,-1.9949117683554463,-0.5091973474962451,-1.3227736460929056,-0.7787018822244184,-1.3443457351790487,0.9236263440219835,2.96612501188222
-0.5269048080130618,-2.0261530218502366,-0.725749500821055,0.4928849985082309,-0.32400347292439824,-1.016576316916105,-0.4279029991782047,-0.9489389578452792
-0.2242672475640254,0.09825221579550503,0.5735634191278044,0.8171097564727196,0.5348713001978621,0.16339358883049238,-0.5184521115017906,-0.6009332716472792
0.38100787333404745,-0.1516778121628175,0.24873518914058954,-1.3227736460929056,-0.7787018822244184,-0.8330254426888564,-0.8672338774889359,-0.2529275854492793
-1.1321799289111347,1.879003664998553,1.0066677257774241,1.5304042239945947,4.374546756509144,1.4875820386127838,-0.796806790126147,-0.6009332716472792
-1.1321799289111347,1.8477624115037627,-0.1843691175090303,1.206179466030106,-0.7787018822244184,1.3171419411160534,4.807177161455775,-0.6879346931967791
0.683645433783084,1.0354898206392145,0.24873518914058954,0.7522648048798218,1.1714490732178904,-0.3479267036596999,1.272408110009129,0.5300852084962205
1.2889205546811568,0.09825221579550503,0.35701126580299447,0.23350519213663998,5.283943575109184,-0.42659136404280656,0.762650144335609,1.6611036886397201
0.683645433783084,0.4106647507434082,0.032183035815779616,0.16866024054374223,0.5348713001978621,0.45183067690188217,0.2763678744496851,-0.33992900699877926
-1.1321799289111347,-0.08919530517323687,0.7901155724526143,1.724939078773288,1.5453122097534624,1.8153514568757274,0.30655091189088035,-0.16592616389977932
0.9862829942321203,-0.5578141075950916,-0.1843691175090303,0.7522648048798218,-0.7787018822244184,0.9369294159310391,-0.38765894925661115,-0.16592616389977932
1.5915581151301932,0.5981122717121501,1.331495955764639,-1.3227736460929056,-0.7787018822244184,0.09783970517790365,0.920272673195184,1.0520937377932202
0.07837031288501103,-0.3391253331315594,0.35701126580299447,-0.025874614234950962,0.231739027331182,-0.4659236942343599,-1.1455885561132924,-0.5139318500977792
-0.8295423684620983,-0.995191656522156,-0.1843691175090303,0.16866024054374223,0.17111257275784597,-0.5052560244259128,-0.981258685600118,-1.035940379394779
-0.5269048080130618,-0.9014678960377851,0.35701126580299447,-0.025874614234950962,-0.7787018822244184,-1.016576316916105,4.153211350229878,-0.42693042854827923
0.07837031288501103,-1.1513979239961076,1.114943802439829,0.16866024054374223,-0.2128549728732822,0.9893725228531098,-1.0080880522145137,-0.6879346931967791
-0.2242672475640254,-0.6827791215742529,0.5735634191278044,-0.6094791785710306,-0.13201970010883415,-1.6590043767114744,-0.5888791988645796,-0.2529275854492793
-0.2242672475640254,0.2232172297746663,0.14045911247818457,0.2983501437295377,1.1411358459312224,0.05850737498634986,0.2998435702372814,-0.5139318500977792
-0.2242672475640254,1.1604548346183758,0.032183035815779616,0.6225749016940264,2.535544301117951,0.46494145363240014,-0.38765894925661115,0.18207952229822058
-1.1321799289111347,-0.8077441355534142,0.5735634191278044,1.5952491755874925,0.15090375456673397,0.5960492209375776,-0.4346103408318036,-0.6009332716472792
1.5915581151301932,1.3479023555871177,0.46528734246539943,-1.3227736460929056,-0.7787018822244184,0.11095048190842065,-1.044978431309308,1.0520937377932202
0.9862829942321203,1.2541785951027467,0.8983916491150192,-1.3227736460929056,-0.7787018822244184,-0.20370815962400501,-0.9879660272537168,1.2260965808922204
-0.5269048080130618,-0.9014678960377851,-0.4009212708338402,0.4928849985082309,-0.7787018822244184,-0.04637883885779172,-1.1053445061916987,-0.7749361147462792
0.9862829942321203,0.4731472577329888,0.24873518914058954,0.36319509532243544,0.5853933456756422,-0.7805823357667856,0.6285033112636299,1.5741022670902203
-0.2242672475640254,1.3166611020923273,0.032183035815779616,-0.15556451742074642,0.282261072808962,-0.04637883885779172,-0.6425379320933711,-0.42693042854827923
-0.8295423684620983,-1.0576741635117366,0.46528734246539943,0.42804004691533315,-0.4553607911666263,0.3469444630577406,-1.2026009601688834,-0.9489389578452792
0.9862829942321203,0.8168010461756823,0.35701126580299447,-1.3227736460929056,-0.7787018822244184,0.976261746122592,-0.6794283111881653,0.8780908946942204
-0.8295423684620983,-0.9014678960377851,-0.4009212708338402,0.2983501437295377,-0.36442110930662225,-1.6327828232504389,0.07514762484171641,-0.6879346931967791
-0.2242672475640254,0.6605947787017308,0.5735634191278044,-0.35009937219943965,-0.7787018822244184,0.05850737498634986,-0.8705875483157354,2.61811932568422
0.38100787333404745,0.8168010461756823,0.302873227471792,-1.3227736460929056,-0.7787018822244184,-0.26926204327659375,-0.08582857484465833,-0.42693042854827923
-0.8295423684620983,-0.5578141075950916,0.5735634191278044,-0.6094791785710306,0.04985966361117393,-1.645893599980957,0.10533066228291171,-0.9489389578452792
0.07837031288501103,0.8168010461756823,0.24873518914058954,0.2983501437295377,2.1818899827734906,0.3862767932492935,-0.25015844535783255,-0.2529275854492793
-1.1321799289111347,-0.12043655866802719,0.5735634191278044,0.6874198532869241,-0.2431682001599502,1.7366867964926216,-1.242845010090477,-0.7749361147462792
1.5915581151301932,-0.589055361089882,0.35701126580299447,1.0764895628443105,-0.7787018822244184,0.12406125863893858,0.6888693861460204,1.1390951593427203
-0.8295423684620983,-0.3703665866263497,-0.725749500821055,0.03897033735794677,0.5853933456756422,-0.8854685496109276,1.252286085048332,-0.8619375362957792
-1.1321799289111347,1.8165211580089724,1.114943802439829,0.42804004691533315,-0.7787018822244184,1.5924682524569262,0.7592964735088095,-0.8619375362957792
-0.5269048080130618,-0.6827791215742529,-0.5091973474962451,-0.22040946901364417,0.8380035730645423,0.6091599976680955,-0.02210882913546825,-1.035940379394779
-0.5269048080130618,0.0357697088059244,-0.942301654145865,1.4655592724016968,0.8177947548734302,0.5567168907460247,1.195273680992741,-0.42693042854827923
0.683645433783084,1.0354898206392145,0.46528734246539943,1.3358693692159014,0.6359153911534222,1.8546837870672812,0.37362432842686955,-0.5139318500977792
-0.2242672475640254,1.6290736370402306,0.6818394957902093,1.7897840303661856,3.9198483472091237,0.8451539788174145,5.6254728431948475,-0.6879346931967791
0.07837031288501103,-0.12043655866802719,-0.29264519417143525,0.42804004691533315,0.4338272092423021,0.16339358883049238,-0.7699774235117511,-0.7749361147462792
2.196833236028266,-0.026712798183656235,0.5735634191278044,1.0764895628443105,0.7369594821089822,1.3564742713076063,1.0913098853619574,1.3130980024417203
1.2889205546811568,1.8165211580089724,0.14045911247818457,1.400714320808799,0.5348713001978621,0.09783970517790365,0.8699676107931918,0.2690809438477206
-0.5269048080130618,1.0667310741340048,-0.942301654145865,0.42804004691533315,4.677679029375824,0.8844863090089683,-0.7364407152437564,-0.6879346931967791
-0.8295423684620983,-0.08919530517323687,-0.6174734241586501,1.0116446112514128,0.17111257275784597,0.17650436556100937,-0.6660136278809674,-0.8619375362957792
-0.5269048080130618,0.2856997367642469,1.439772032427044,-1.3227736460929056,-0.7787018822244184,-1.2263487446043888,-0.6425379320933711,-1.035940379394779
1.2889205546811568,-1.1201566705013173,-0.7798875391522575,-0.025874614234950962,-0.7787018822244184,-0.9903547634550697,-1.0852224812309017,0.7910894731447204
-0.8295423684620983,-0.026712798183656235,0.5735634191278044,1.7897840303661856,1.2421799368867825,0.9107078624700032,2.355643787065359,0.7040880515952205
-0.8295423684620983,-0.27664282614197877,0.5735634191278044,1.5952491755874925,0.5550801183889742,0.3731660165187755,-0.8135751442601443,-0.7749361147462792
0.9862829942321203,-0.8389853890482045,-0.29264519417143525,0.2983501437295377,0.019546436324505916,0.17650436556100937,0.933687356502382,0.7040880515952205
-0.8295423684620983,-0.3703665866263497,-0.6174734241586501,-0.15556451742074642,0.3934095728600781,-0.452812917503842,-0.8068678026065453,-0.9489389578452792
-0.8295423684620983,-0.21416031915239814,-0.1843691175090303,1.0116446112514128,1.2421799368867825,0.8058216486258617,-0.5721108447305823,-1.035940379394779
-0.2242672475640254,-0.589055361089882,-1.3754059607954847,-0.025874614234950962,0.17111257275784597,-0.15126505270193377,-0.19985338295584038,-0.6009332716472792
-1.1321799289111347,-0.21416031915239814,0.5735634191278044,0.8819547080656173,2.1010547100090426,1.6055790291874443,-0.981258685600118,-0.5139318500977792
0.683645433783084,-0.21416031915239814,1.0066677257774241,-1.3227736460929056,-0.7787018822244184,-0.5445883546174661,-0.7129650194561601,2.87912359033272
1.5915581151301932,1.0979723276287952,0.8983916491150192,0.4928849985082309,0.7874815275867623,0.3076121328661868,2.4461928993889455,0.7910894731447204
-1.1321799289111347,-0.49533160060551096,1.114943802439829,-1.3227736460929056,-0.7787018822244184,-0.3085943734681466,-0.8806485607961339,1.1390951593427203
-0.2242672475640254,-1.1513979239961076,-0.07609304084662534,0.6225749016940264,0.29236548190451805,-0.007046508666238862,0.44069774496285913,-0.6879346931967791
-0.5269048080130618,-0.27664282614197877,0.46528734246539943,1.919473933551981,0.6359153911534222,0.976261746122592,-0.9544293189857223,-0.7749361147462792
1.2889205546811568,1.0667310741340048,-0.4009212708338402,0.36319509532243544,4.222980620075804,0.26827980267463397,0.2797215452764846,1.1390951593427203
-1.1321799289111347,-0.6202966145846722,0.35701126580299447,-1.3227736460929056,-0.7787018822244184,0.49116300709343597,-0.8772948899693344,-0.6009332716472792
1.8941956755792297,-0.9639504030273658,0.8442536107838168,0.7522648048798218,-0.7787018822244184,0.3862767932492935,1.2254567184339362,2.00910937483772
-0.8295423684620983,-1.2451216844804787,0.14045911247818457,-0.15556451742074642,-0.37452551840217824,-0.7019176753836789,-0.5922328696913791,-0.7749361147462792
-0.5269048080130618,-0.8389853890482045,-0.07609304084662534,-0.15556451742074642,-0.010766790962162098,-0.7805823357667856,0.34008762015887517,-1.035940379394779
-0.2242672475640254,0.25445848326945664,-0.29264519417143525,0.5577299501011287,0.38330516376452206,-0.7281392288447148,-0.8068678026065453,-0.42693042854827923
0.07837031288501103,-0.6827791215742529,0.35701126580299447,-0.35009937219943965,-0.2633770183510622,-1.1476840842212825,-0.7934531192993475,-1.035940379394779
1.2889205546811568,1.7227973975246016,1.114943802439829,0.8819547080656173,2.2526208464423827,0.2289474724830811,0.024842562439724436,2.18311221793672
0.07837031288501103,-0.21416031915239814,-0.23850715584023277,-1.3227736460929056,-0.7787018822244184,-1.3181241817180134,-0.09253591649825728,0.35608236539722055
1.5915581151301932,-1.5262929659335915,0.46528734246539943,0.2983501437295377,-0.7787018822244184,-0.04637883885779172,-0.6022938821717774,0.4430837869467205
0.38100787333404745,-0.12043655866802719,0.8983916491150192,0.6225749016940264,0.282261072808962,0.9369294159310391,-0.6995503361489622,0.7910894731447204
0.38100787333404745,1.285419848597537,1.8728763390766638,-1.3227736460929056,-0.7787018822244184,0.7533785417037908,-1.0349174188289096,1.6611036886397201
-0.8295423684620983,-0.9327091495325754,-0.83402557748346,0.2983501437295377,0.231739027331182,-0.8854685496109276,-0.7565627402045532,-0.8619375362957792
-0.8295423684620983,-0.995191656522156,-2.4581667274195342,-0.0907195658278487,-0.5260916548355183,-0.5445883546174661,0.3333802785052762,-1.035940379394779
-0.5269048080130618,2.378863720915198,0.032183035815779616,1.5952491755874925,4.707992256662492,-0.1905973828934871,-1.0114417230413133,1.7481051101892202
0.07837031288501103,-0.9639504030273658,1.0066677257774241,1.724939078773288,-0.2330637910643942,0.7533785417037908,-0.32729287437422055,-0.33992900699877926
2.196833236028266,0.5356297647225695,0.35701126580299447,-1.3227736460929056,-0.7787018822244184,0.16339358883049238,-0.13277996641985101,0.18207952229822058
-1.1321799289111347,-0.9327091495325754,-0.07609304084662534,0.7522648048798218,1.3432240278423424,1.0418156297751806,-0.26357312866503047,-0.6879346931967791
-1.1321799289111347,-1.088915417006527,-0.07609304084662534,0.7522648048798218,-0.7787018822244184,0.5042737838239529,-0.7431480568973554,-0.6879346931967791
0.38100787333404745,-0.18291906565760782,1.548048109089449,-1.3227736460929056,-0.7787018822244184,2.7462166047424876,-0.8404045108745403,-0.42693042854827923
-0.8295423684620983,-0.8702266425429948,-0.725749500821055,-0.6094791785710306,-0.7787018822244184,-1.2394595213349067,-0.14284097890024944,-0.9489389578452792
2.196833236028266,-0.5578141075950916,-0.07609304084662534,1.2710244176230037,-0.7787018822244184,1.867794563797799,-1.1187591894988966,0.7910894731447204
-0.8295423684620983,-0.1516778121628175,0.46528734246539943,0.5577299501011287,1.0400917549756623,0.5436061140155067,0.1220990164169091,-0.6879346931967791
0.07837031288501103,-0.8077441355534142,0.032183035815779616,0.7522648048798218,-0.7787018822244184,0.019175044794797,0.5111248323256481,-0.7749361147462792
-1.1321799289111347,0.16073472278508566,0.7901155724526143,0.5577299501011287,1.3937460733201223,-0.1643758294324517,0.20258711626009657,-0.7749361147462792
-1.1321799289111347,0.5356297647225695,-0.5091973474962451,0.9467996596585151,0.9087344367334343,0.3469444630577406,0.24953850783528925,-1.035940379394779
-0.8295423684620983,0.4731472577329888,0.24873518914058954,1.919473933551981,1.2825975732690065,0.7140462115122371,-0.20320705378263987,-0.7749361147462792
0.683645433783084,-0.49533160060551096,0.5735634191278044,0.4928849985082309,-0.7787018822244184,0.07161815171686779,1.4032012722543084,-0.6009332716472792
0.38100787333404745,0.4731472577329888,0.6818394957902093,-1.3227736460929056,-0.7787018822244184,-4.189384285701399,0.6050276154760336,3.1401278549812197
-0.8295423684620983,-0.1516778121628175,0.032183035815779616,0.4928849985082309,-0.7787018822244184,-0.5970314615395373,-0.8571728650085376,-1.035940379394779
0.07837031288501103,-0.6827791215742529,0.14045911247818457,-0.22040946901364417,-0.7787018822244184,-0.8330254426888564,-0.5553424905965848,-0.42693042854827923
-0.5269048080130618,-0.46409034711072067,-0.29264519417143525,0.9467996596585151,0.42372280014674607,-0.1905973828934871,3.153817443843634,0.0950781007487206
1.5915581151301932,-1.9949117683554463,0.5735634191278044,1.0764895628443105,-0.7787018822244184,0.11095048190842065,-1.2193693143028808,0.7040880515952205
0.683645433783084,-0.9014678960377851,-0.4009212708338402,0.7522648048798218,0.4944536638156381,0.006064268064279069,-1.2562596933976748,1.1390951593427203
1.8941956755792297,0.25445848326945664,-0.4009212708338402,1.0116446112514128,-0.7787018822244184,1.2122557272719119,-0.06235287905706199,0.4430837869467205
-1.1321799289111347,0.9417660601548435,1.114943802439829,1.6600941271803902,-0.7787018822244184,1.3302527178465715,-0.29710983693302523,-1.035940379394779
-0.2242672475640254,-0.6827791215742529,-0.4009212708338402,-0.0907195658278487,-0.030975609153274106,-1.3312349584485308,-0.6056475529985769,-0.6009332716472792
0.38100787333404745,-1.0264329100169465,0.46528734246539943,0.6225749016940264,-0.7787018822244184,-0.5708099080785015,-0.6760746403613659,0.35608236539722055
-0.8295423684620983,1.1292135811235855,0.14045911247818457,0.03897033735794677,0.9188388458289903,-0.8330254426888564,-1.128820201979295,-0.7749361147462792
1.2889205546811568,1.879003664998553,-0.07609304084662534,1.0116446112514128,4.222980620075804,-0.2430404898155579,0.5211858448060466,2.35711506103572
0.38100787333404745,0.34818224375382756,0.5735634191278044,-1.3227736460929056,-0.7787018822244184,-0.6756961219226435,-0.917538939890928,3.1401278549812197
-0.5269048080130618,-0.6202966145846722,-0.6174734241586501,0.9467996596585151,0.13069493637562196,-1.3312349584485308,-1.0215027355217117,-0.9489389578452792
1.8941956755792297,-0.40160784012114004,-0.1843691175090303,-1.3227736460929056,-0.7787018822244184,0.05850737498634986,-0.6291232487861732,0.7910894731447204
-0.5269048080130618,-0.46409034711072067,-0.725749500821055,0.42804004691533315,0.8885256185423223,-0.38725903385125326,-0.11265794145905415,-0.9489389578452792
-0.2242672475640254,-0.4328490936159303,-0.4009212708338402,-0.4797892753852351,-0.2936902456377302,-1.187016414412836,0.7324671068944136,-0.8619375362957792
-0.5269048080130618,-0.40160784012114004,-0.4009212708338402,-0.6743241301639283,2.0303238463401505,-0.8723577728804097,1.413262284734707,-0.9489389578452792
-0.8295423684620983,0.2232172297746663,-1.158853807470675,1.5952491755874925,1.1815534823134464,1.1204802901582873,0.5144785031524476,-0.7749361147462792
0.07837031288501103,-0.8077441355534142,-0.29264519417143525,-1.3227736460929056,-0.7787018822244184,0.006064268064279069,-1.0013807105609147,-0.16592616389977932
-0.5269048080130618,-0.4328490936159303,0.24873518914058954,0.6225749016940264,0.231739027331182,0.21583669575256317,-0.1864386996486425,-0.8619375362957792
0.38100787333404745,-1.4950517124388012,-0.5091973474962451,-1.3227736460929056,-0.7787018822244184,-0.6756961219226435,-0.6425379320933711,-0.5139318500977792
-1.1321799289111347,-0.40160784012114004,-0.07609304084662534,-0.025874614234950962,-0.7787018822244184,-0.6101422382700549,1.0980172270155564,-0.07892474235027935
-0.8295423684620983,-0.7452616285638335,0.032183035815779616,-0.35009937219943965,-0.7787018822244184,-1.8032229207471697,-1.0483321021361074,-1.035940379394779
1.8941956755792297,0.0357697088059244,-0.07609304084662534,-1.3227736460929056,-0.7787018822244184,-0.09882194577986297,-0.6760746403613659,0.7040880515952205
-0.2242672475640254,1.6290736370402306,0.7901155724526143,0.8171097564727196,4.010788029069127,0.49116300709343597,-0.6760746403613659,-0.9489389578452792
0.07837031288501103,0.12949346929029534,0.5735634191278044,-1.3227736460929056,-0.7787018822244184,0.04539659825583193,0.25624584948888823,-0.5139318500977792
-1.1321799289111347,-0.49533160060551096,0.7901155724526143,-1.3227736460929056,-0.7787018822244184,-0.5314775778869486,0.9437483689827804,2.53111790413472
0.38100787333404745,0.4731472577329888,0.7901155724526143,1.3358693692159014,0.11048611818450996,0.3993875699798114,-0.5821718572109806,0.18207952229822058
-0.8295423684620983,-0.30788407963676906,-0.4009212708338402,-0.4797892753852351,1.0603005731667743,-1.0427978703771406,-1.0785151395773027,-0.8619375362957792
0.683645433783084,-0.7765028820586238,-3.7574796473683936,-1.3227736460929056,-0.7787018822244184,-1.0821302005686937,-0.9041242565837302,-0.42693042854827923
-1.1321799289111347,-0.6827791215742529,-3.7574796473683936,-1.3227736460929056,-0.7787018822244184,-0.9116901030719631,-0.6928429944953632,-0.9489389578452792
0.38100787333404745,-0.27664282614197877,-0.1843691175090303,-1.3227736460929056,-0.7787018822244184,0.7664893184343079,-0.6660136278809674,0.7040880515952205
-0.2242672475640254,0.2856997367642469,0.46528734246539943,0.16866024054374223,0.019546436324505916,-0.4659236942343599,-0.4580860366194,0.0950781007487206
-0.2242672475640254,1.7227973975246016,0.8983916491150192,0.42804004691533315,0.7975859366823183,0.17650436556100937,2.3288144204509633,1.6611036886397201
-0.8295423684620983,1.472867369566279,1.0066677257774241,0.5577299501011287,-0.7787018822244184,0.3993875699798114,1.4937503845778943,1.6611036886397201
-1.1321799289111347,-1.682499233407543,0.35701126580299447,-1.3227736460929056,-0.7787018822244184,1.7497975732231388,-0.8907095732765322,1.1390951593427203
0.38100787333404745,-0.1516778121628175,0.24873518914058954,0.5577299501011287,-0.7787018822244184,0.04539659825583193,0.6721010320120231,0.18207952229822058
2.8021083569263388,1.0042485671444241,1.0066677257774241,1.0764895628443105,0.6359153911534222,1.1335910668888052,2.3958878369869527,0.5300852084962205
1.2889205546811568,-0.026712798183656235,0.46528734246539943,-1.3227736460929056,-0.7787018822244184,-0.9116901030719631,-0.16967034551464527,2.7051207472337198
-0.5269048080130618,0.2232172297746663,-0.29264519417143525,1.400714320808799,-0.7787018822244184,1.0549264065056987,2.1510698666305914,-0.7749361147462792
1.8941956755792297,-0.9014678960377851,-0.4009212708338402,-1.3227736460929056,-0.7787018822244184,-0.7936931124973036,-0.981258685600118,-0.16592616389977932
-0.5269048080130618,-1.182639177490898,-0.1843691175090303,0.16866024054374223,-0.27348142744661824,0.03228582152531493,0.1254526872437086,-0.9489389578452792
0.38100787333404745,-0.3391253331315594,-0.07609304084662534,-1.3227736460929056,-0.7787018822244184,-0.7805823357667856,-0.5620498322501838,-0.2529275854492793
-0.8295423684620983,-0.995191656522156,0.35701126580299447,0.8819547080656173,-0.40483874568884626,-0.09882194577986297,-0.8974169149301312,-0.8619375362957792
-0.8295423684620983,-1.3076041914700591,0.5735634191278044,0.2983501437295377,-0.40483874568884626,-0.8592469961498922,0.4138683783484633,-0.9489389578452792
0.683645433783084,1.379143609081908,-0.07609304084662534,0.36319509532243544,0.9188388458289903,0.21583669575256317,0.5748445780348382,1.4000994239912203
-0.5269048080130618,-0.49533160060551096,-0.6174734241586501,1.2710244176230037,0.17111257275784597,0.3862767932492935,-0.7867457776457485,-0.6879346931967791
0.07837031288501103,0.0357697088059244,-0.07609304084662534,-1.3227736460929056,-0.7787018822244184,0.3993875699798114,-0.21997540791663725,-0.33992900699877926
-0.2242672475640254,-0.46409034711072067,-0.83402557748346,0.03897033735794677,0.8177947548734302,-0.1381542759714163,-0.5620498322501838,-0.7749361147462792
-0.2242672475640254,1.9102449184933434,0.24873518914058954,-1.3227736460929056,-0.7787018822244184,-0.1905973828934871,-0.38430527842981166,-0.33992900699877926
0.683645433783084,-0.589055361089882,1.114943802439829,1.206179466030106,-0.7787018822244184,0.49116300709343597,0.7190524235872158,-0.42693042854827923
-0.8295423684620983,0.5981122717121501,0.24873518914058954,0.36319509532243544,1.0400917549756623,-1.0296870936466225,1.2355177309143346,-0.8619375362957792
2.4994707964773024,-1.0264329100169465,0.24873518914058954,1.2710244176230037,-0.2330637910643942,0.43871990017136425,-0.2736341411454289,1.3130980024417203
-0.8295423684620983,2.2538987069360368,-1.05057773080827,-0.2852544206065419,3.010451528609083,-0.7936931124973036,0.6553326778780256,-0.7749361147462792
0.9862829942321203,0.3794234972486179,1.0066677257774241,-0.35009937219943965,0.7874815275867623,0.05850737498634986,-0.6626599570541679,0.35608236539722055
-1.1321799289111347,-0.7140203750690433,0.6818394957902093,-0.35009937219943965,0.07006848180228593,-0.8854685496109276,-0.5385741364625874,-0.9489389578452792
-0.8295423684620983,0.12949346929029534,0.032183035815779616,0.23350519213663998,0.33278311828674206,-1.0034655401855872,-0.8001604609529465,-0.6879346931967791
-0.8295423684620983,-0.6515378680794626,-0.1843691175090303,-0.35009937219943965,-0.2128549728732822,-1.0952409772992113,0.6922230569728199,-0.6009332716472792
-0.5269048080130618,-0.9014678960377851,-0.942301654145865,-1.3227736460929056,-0.7787018822244184,-0.2430404898155579,-1.0684541270969043,-0.9489389578452792
0.9862829942321203,-0.21416031915239814,-0.29264519417143525,-1.3227736460929056,-0.7787018822244184,-0.5970314615395373,0.9135653315415851,0.0950781007487206
-1.1321799289111347,-0.05795405167844655,-0.1843691175090303,0.42804004691533315,-0.7787018822244184,0.8975970857394853,-0.6727209695345664,-0.9489389578452792
-0.2242672475640254,-0.1516778121628175,-3.7574796473683936,-1.3227736460929056,-0.7787018822244184,-1.1083517540297292,-0.9141852690641286,-0.8619375362957792
1.8941956755792297,-1.4325692054492205,0.6818394957902093,-1.3227736460929056,-0.7787018822244184,0.17650436556100937,-0.6593062862273684,0.4430837869467205
0.9862829942321203,0.5043885112277792,1.114943802439829,1.3358693692159014,-0.7787018822244184,0.006064268064279069,-0.23003642039703567,0.5300852084962205
-0.2242672475640254,1.1604548346183758,-0.29264519417143525,-0.4797892753852351,3.1317044377557552,-0.09882194577986297,-0.5519888197697853,-0.7749361147462792
0.9862829942321203,0.25445848326945664,-0.07609304084662534,1.8546289819590833,0.4843492547200821,0.8582647555479325,-0.06906022071066094,0.8780908946942204
2.196833236028266,0.19197597627987598,1.9811524157390688,-1.3227736460929056,-0.7787018822244184,0.9238186392005212,-0.9041242565837302,1.5741022670902203
-0.8295423684620983,-0.12043655866802719,-0.5091973474962451,0.16866024054374223,0.29236548190451805,0.2420582492135981,0.021488891612924957,-0.5139318500977792
-0.8295423684620983,-0.7452616285638335,0.032183035815779616,1.2710244176230037,-0.7787018822244184,0.8058216486258617,-0.8102214734333448,-0.2529275854492793
-0.5269048080130618,-0.08919530517323687,0.5735634191278044,-1.3227736460929056,-0.7787018822244184,1.435138931690713,0.7827721692964055,-1.035940379394779
-0.5269048080130618,-0.3391253331315594,0.24873518914058954,0.5577299501011287,0.4843492547200821,0.05850737498634986,0.7995405234304028,-0.5139318500977792
-0.2242672475640254,0.5668710182173597,-0.83402557748346,-1.3227736460929056,-0.7787018822244184,-0.8330254426888564,-0.19314604130224142,-0.9489389578452792
4.012658598722484,1.3166611020923273,0.14045911247818457,1.3358693692159014,0.3732007546689661,1.172923397080358,1.1986273518195403,1.2260965808922204
-0.2242672475640254,0.12949346929029534,-0.6174734241586501,-1.3227736460929056,-0.7787018822244184,-0.04637883885779172,-1.0349174188289096,-0.7749361147462792
0.07837031288501103,-0.5578141075950916,-0.5091973474962451,0.8171097564727196,1.1613446641223344,-1.0427978703771406,1.6983243050126622,0.008076679199220628
1.2889205546811568,-0.6515378680794626,0.24873518914058954,1.2710244176230037,1.3937460733201223,0.976261746122592,0.6754547028388226,0.8780908946942204
0.683645433783084,-0.589055361089882,0.6818394957902093,-1.3227736460929056,-0.7787018822244184,-0.15126505270193377,-0.9376609648517249,0.2690809438477206
1.8941956755792297,1.285419848597537,0.7901155724526143,-1.3227736460929056,-0.7787018822244184,-0.557699131347984,-0.9309536231981259,1.83510653173872
0.38100787333404745,0.06701096230071471,0.24873518914058954,1.2710244176230037,-0.0006623818666060946,0.2813905794051519,-0.6391842612665716,-0.42693042854827923
-0.8295423684620983,0.879283553165263,-0.07609304084662534,0.5577299501011287,0.5045580729111941,-0.3479267036596999,-0.37089059512261374,0.7910894731447204
0.683645433783084,0.7230772856913114,0.14045911247818457,0.42804004691533315,1.5251033915623504,0.255169025944116,-0.6861356528417643,0.6170866300457205
0.683645433783084,-0.6827791215742529,-0.5091973474962451,-0.0907195658278487,-0.2330637910643942,-0.6625853451921261,0.1254526872437086,-0.07892474235027935
-0.8295423684620983,-0.9327091495325754,-0.29264519417143525,0.23350519213663998,-0.7787018822244184,-0.3610374803902179,-0.8974169149301312,-1.035940379394779
-0.8295423684620983,0.691836032196521,0.8983916491150192,0.6225749016940264,2.555753119309063,-0.2430404898155579,1.4501526638295013,-0.8619375362957792
1.5915581151301932,-0.026712798183656235,0.14045911247818457,0.1038152889508445,-0.2128549728732822,-1.4623427257537083,0.9169190023683845,1.3130980024417203
-0.8295423684620983,-1.0264329100169465,-0.4009212708338402,0.23350519213663998,-0.3341078820199542,-0.26926204327659375,-0.12607262476625206,-0.8619375362957792
1.5915581151301932,1.0979723276287952,0.8983916491150192,-1.3227736460929056,-0.7787018822244184,-0.9379116565329985,-0.7699774235117511,1.7481051101892202
1.2889205546811568,2.347622467420408,0.35701126580299447,0.5577299501011287,2.0505326645312625,0.727156988242755,0.4876491365380518,2.09611079638722
-0.8295423684620983,0.31694099025903727,-0.29264519417143525,-0.41494432379233737,3.4146278924313234,-1.0821302005686937,-0.23674376205063463,-1.035940379394779
-1.1321799289111347,0.31694099025903727,-0.1843691175090303,1.2710244176230037,-0.7787018822244184,0.3076121328661868,-0.8840022316229332,-0.9489389578452792
-0.5269048080130618,-0.026712798183656235,-0.83402557748346,-1.3227736460929056,-0.7787018822244184,-0.6756961219226435,-0.015401487481869296,-0.5139318500977792
0.683645433783084,0.12949346929029534,-0.07609304084662534,0.6225749016940264,0.4338272092423021,-0.25615126654607584,0.014781549959326002,-0.07892474235027935
-1.1321799289111347,0.5043885112277792,-1.5919581141202948,0.9467996596585151,0.9188388458289903,1.4613604851517488,6.131877138041567,0.008076679199220628
0.683645433783084,0.8168010461756823,0.5735634191278044,-1.3227736460929056,-0.7787018822244184,-0.3217051501986645,-0.9443683065053239,1.4871008455407202
-0.8295423684620983,-0.4328490936159303,-1.05057773080827,-0.0907195658278487,-0.7787018822244184,-0.4790344709648774,-0.9343072940249254,-0.33992900699877926
0.9862829942321203,1.472867369566279,1.0066677257774241,1.400714320808799,2.4648134374490587,0.8189324253563796,1.0980172270155564,0.6170866300457205
0.38100787333404745,2.066451185967295,0.35701126580299447,0.42804004691533315,1.3129108005556744,1.5269143688043376,1.9263739212350266,1.7481051101892202
0.683645433783084,-0.8702266425429948,-1.05057773080827,0.6225749016940264,-0.13201970010883415,-0.42659136404280656,-0.3474148993350174,-0.8619375362957792
-0.5269048080130618,-0.7140203750690433,-0.5091973474962451,-0.22040946901364417,0.4338272092423021,0.36005523978825854,-0.8772948899693344,-0.9489389578452792
0.07837031288501103,-0.18291906565760782,0.14045911247818457,-1.3227736460929056,-0.7787018822244184,-0.4003698105817712,-0.2803414827990279,1.1390951593427203
0.683645433783084,-3.775663217558494,-0.07609304084662534,1.3358693692159014,-0.7787018822244184,0.9238186392005212,0.8967969774075877,0.7040880515952205
-0.5269048080130618,-1.5575342194283817,0.032183035815779616,0.42804004691533315,-0.7787018822244184,-0.5183668011564307,0.4239293908288617,-0.9489389578452792
-0.2242672475640254,-1.0264329100169465,-0.6174734241586501,-0.6094791785710306,-0.2330637910643942,-0.9379116565329985,-0.6458916029201706,-0.9489389578452792
-1.1321799289111347,-0.24540157264718845,0.5735634191278044,-0.2852544206065419,-0.7787018822244184,-0.1250434992408984,1.3897865889471106,-1.035940379394779
-0.5269048080130618,-0.7765028820586238,-0.07609304084662534,-0.4797892753852351,-0.28358583654217423,-1.423010395562155,0.6285033112636299,-0.6009332716472792
-0.8295423684620983,-0.7452616285638335,-0.1843691175090303,-0.35009937219943965,0.6359153911534222,-1.1476840842212825,0.0919159789757138,-0.9489389578452792
-0.2242672475640254,0.004528455311134083,-0.942301654145865,-1.3227736460929056,-0.7787018822244184,0.5304953372849889,-1.115405518672097,-0.6879346931967791
0.07837031288501103,0.6605947787017308,0.8983916491150192,-1.3227736460929056,-0.7787018822244184,1.5793574757264084,0.6217959696100309,-0.9489389578452792
1.2889205546811568,2.2851399604308273,0.5735634191278044,-1.3227736460929056,-0.7787018822244184,-0.7674715590362676,0.30655091189088035,2.96612501188222
0.07837031288501103,1.0979723276287952,0.302873227471792,-1.3227736460929056,-0.7787018822244184,2.143120875138671,-0.7431480568973554,-0.07892474235027935
0.07837031288501103,-0.7765028820586238,-0.725749500821055,-0.22040946901364417,-0.28358583654217423,-1.4623427257537083,-0.40107363256380885,-0.6009332716472792
-0.8295423684620983,-1.182639177490898,-0.07609304084662534,-1.3227736460929056,-0.7787018822244184,-1.8032229207471697,0.5513688822472419,-0.5139318500977792
0.38100787333404745,1.4103848625766984,0.35701126580299447,-1.3227736460929056,-0.7787018822244184,1.8022406801452104,-0.40107363256380885,-0.5139318500977792
-0.2242672475640254,0.34818224375382756,0.5735634191278044,-1.3227736460929056,-0.7787018822244184,0.32072290959670474,-0.19314604130224142,0.9650923162437204
0.9862829942321203,2.3163812139256175,0.032183035815779616,0.8171097564727196,0.6864374366312022,-0.8985793263414451,-0.9946733689073158,1.9221079532882202
-1.1321799289111347,0.25445848326945664,0.5735634191278044,-1.3227736460929056,-0.7787018822244184,-0.09882194577986297,0.8163088775644003,-0.33992900699877926
0.38100787333404745,-2.4010480637877203,-0.4009212708338402,-1.3227736460929056,-0.7787018822244184,-0.9116901030719631,0.4272830616556612,0.2690809438477206
-1.1321799289111347,0.5043885112277792,0.032183035815779616,1.1413345144372082,-0.7787018822244184,0.16339358883049238,-0.9711976731197195,-0.9489389578452792
-1.1321799289111347,1.8165211580089724,-1.05057773080827,1.0116446112514128,0.8278991639689862,0.7664893184343079,-0.015401487481869296,-0.9489389578452792
-0.8295423684620983,-0.12043655866802719,1.0066677257774241,0.23350519213663998,0.6864374366312022,0.33383368632722266,-0.18979237047544195,0.6170866300457205
-0.8295423684620983,-1.2451216844804787,0.24873518914058954,1.3358693692159014,-0.20275056377772618,1.880905340528316,2.1343015124965943,-0.07892474235027935
-0.5269048080130618,-1.6512579799127527,0.032183035815779616,0.7522648048798218,-0.11181088191772215,-0.9116901030719631,-0.9141852690641286,-0.6879346931967791
0.9862829942321203,-0.21416031915239814,-0.1843691175090303,-1.3227736460929056,-0.7787018822244184,0.11095048190842065,-0.6760746403613659,0.7910894731447204
0.38100787333404745,1.4103848625766984,0.14045911247818457,-0.0907195658278487,0.9895697094978824,-0.806803889227821,0.4272830616556612,1.5741022670902203
-0.5269048080130618,-0.6827791215742529,-0.942301654145865,-0.35009937219943965,0.17111257275784597,-0.9641332099940338,0.5949666029956351,-1.035940379394779
-0.2242672475640254,1.8477624115037627,-0.29264519417143525,0.2983501437295377,-0.07139324553549813,0.26827980267463397,-0.6324769196129726,-0.6009332716472792
0.07837031288501103,-0.6827791215742529,-0.07609304084662534,1.1413345144372082,-0.7787018822244184,0.11095048190842065,-1.0550394437897064,0.008076679199220628
-1.1321799289111347,-0.8702266425429948,1.6563241857518538,1.206179466030106,-0.051184427344386114,1.5006928153433017,1.882776200486633,0.18207952229822058
-0.8295423684620983,0.2232172297746663,1.548048109089449,1.3358693692159014,-0.19264615468217017,0.006064268064279069,2.8888774485264754,0.008076679199220628
0.38100787333404745,-0.3703665866263497,-0.4009212708338402,1.3358693692159014,0.5247668911023061,0.5042737838239529,0.1824650912992997,-0.6879346931967791
0.38100787333404745,-1.0264329100169465,-0.1843691175090303,0.03897033735794677,-0.5463004730266303,-0.9903547634550697,-0.3943662909102099,-0.2529275854492793
0.38100787333404745,-0.18291906565760782,0.35701126580299447,-1.3227736460929056,-0.7787018822244184,-0.09882194577986297,-0.3910126200834104,0.9650923162437204
0.683645433783084,0.9417660601548435,-0.4009212708338402,0.6874198532869241,0.4338272092423021,0.46494145363240014,0.779418498469606,-0.42693042854827923
-0.5269048080130618,0.25445848326945664,0.7901155724526143,-1.3227736460929056,-0.7787018822244184,-0.5183668011564307,-0.5888791988645796,-0.5139318500977792
-0.8295423684620983,-1.5575342194283817,-0.4009212708338402,-1.3227736460929056,-0.7787018822244184,-1.3312349584485308,-0.14619464972704893,-0.6009332716472792
3.104745917375375,1.6915561440298112,-0.4009212708338402,0.6225749016940264,-0.7787018822244184,0.21583669575256317,-0.8303434983941417,0.4430837869467205
0.38100787333404745,0.004528455311134083,0.14045911247818457,0.16866024054374223,0.35299193647785404,-0.7543607823057502,-0.7196723611097591,-0.2529275854492793
-0.5269048080130618,0.785559792680892,-3.7574796473683936,-1.3227736460929056,-0.7787018822244184,-0.5839206848090194,-0.7364407152437564,-0.42693042854827923
-0.8295423684620983,0.5356297647225695,0.6818394957902093,-1.3227736460929056,-0.7787018822244184,1.0680371832362165,-0.7498553985509544,-0.42693042854827923
0.9862829942321203,-0.589055361089882,0.24873518914058954,1.2710244176230037,0.282261072808962,0.6878246580512022,-0.8571728650085376,1.0520937377932202
0.9862829942321203,0.09825221579550503,0.032183035815779616,0.8171097564727196,1.3937460733201223,-0.8461362194193743,-1.0013807105609147,0.35608236539722055
0.683645433783084,0.5043885112277792,-0.45505930916504267,-1.3227736460929056,-0.7787018822244184,-1.016576316916105,-1.0349174188289096,1.9221079532882202
-0.5269048080130618,-0.49533160060551096,0.5735634191278044,1.5952491755874925,1.1512402550267784,0.2289474724830811,0.843138244178796,-0.33992900699877926
-0.8295423684620983,0.16073472278508566,-0.725749500821055,0.5577299501011287,0.7571683003000942,-0.42659136404280656,1.144968618590749,-1.035940379394779
-0.5269048080130618,-0.8077441355534142,-0.83402557748346,-0.41494432379233737,0.11048611818450996,-0.7674715590362676,0.9672240647703767,-0.9489389578452792
-0.2242672475640254,-0.6515378680794626,-0.07609304084662534,0.16866024054374223,0.03975525451561792,-0.04637883885779172,1.641311900957071,-0.42693042854827923
-0.8295423684620983,-1.1201566705013173,-0.1843691175090303,0.5577299501011287,-0.7787018822244184,-0.7019176753836789,-0.3641832534690148,-0.16592616389977932
1.8941956755792297,-0.8389853890482045,0.14045911247818457,-0.15556451742074642,-0.7787018822244184,-1.1607948609518,0.45411242827005704,2.00910937483772
-1.1321799289111347,2.4101049744099883,-0.1843691175090303,0.7522648048798218,1.9899062099579266,1.2253665040024289,0.14222104137770597,-0.42693042854827923
-0.2242672475640254,-0.24540157264718845,-1.3754059607954847,-0.4797892753852351,-0.7787018822244184,-1.2525702980654245,-1.0718077979237037,-0.9489389578452792
0.38100787333404745,-0.30788407963676906,0.14045911247818457,0.4928849985082309,-0.7787018822244184,-1.0559086471076584,-0.17637768716824423,-0.5139318500977792
1.8941956755792297,0.0357697088059244,0.46528734246539943,0.6874198532869241,-0.7787018822244184,-0.5708099080785015,0.17575774964570073,1.0520937377932202
-0.5269048080130618,-1.1513979239961076,-1.05057773080827,0.16866024054374223,-0.010766790962162098,-0.20370815962400501,1.7050316466662612,-1.035940379394779
-0.8295423684620983,1.879003664998553,-0.29264519417143525,0.6225749016940264,1.0400917549756623,0.2813905794051519,-0.4413176824854026,0.4430837869467205
-0.5269048080130618,-0.6515378680794626,-0.83402557748346,0.4928849985082309,0.282261072808962,0.7664893184343079,0.12880635807050805,-0.7749361147462792
0.683645433783084,0.09825221579550503,0.14045911247818457,-1.3227736460929056,-0.7787018822244184,-0.5708099080785015,-0.30717084941342365,-0.33992900699877926
0.07837031288501103,0.06701096230071471,0.5735634191278044,-0.35009937219943965,0.9996741185934384,0.006064268064279069,-0.05564553740346303,0.0950781007487206
0.9862829942321203,1.785279904514182,0.7901155724526143,-1.3227736460929056,-0.7787018822244184,1.0418156297751806,-0.4312566700050042,0.7040880515952205
-1.1321799289111347,-0.9327091495325754,0.5735634191278044,-1.3227736460929056,-0.7787018822244184,0.05850737498634986,0.4742344532308539,-0.5139318500977792
1.2889205546811568,0.16073472278508566,1.0066677257774241,1.0116446112514128,0.31257430009563003,0.8582647555479325,-0.37089059512261374,1.4000994239912203
0.07837031288501103,-0.9327091495325754,0.032183035815779616,0.7522648048798218,0.11048611818450996,0.15028281209997443,-0.0455845249230646,-0.9489389578452792
-0.8295423684620983,2.1289336929568754,-0.5091973474962451,0.16866024054374223,7.769628212615961,-0.2430404898155579,-0.20656072460943933,2.27011363948622
-0.5269048080130618,-0.27664282614197877,-0.07609304084662534,0.1038152889508445,0.17111257275784597,0.2813905794051519,-0.4849154032337958,-0.6009332716472792
-0.8295423684620983,-0.40160784012114004,1.0066677257774241,-0.0907195658278487,-0.7787018822244184,-0.6363637917310903,-0.19985338295584038,-0.7749361147462792
1.2889205546811568,-0.49533160060551096,1.6563241857518538,1.0116446112514128,-0.7787018822244184,1.4875820386127838,-0.7397943860705559,1.0520937377932202
-0.8295423684620983,-1.5575342194283817,0.46528734246539943,1.919473933551981,-0.32400347292439824,0.16339358883049238,-0.12607262476625206,-1.035940379394779
-0.2242672475640254,0.8480422996704726,-0.1843691175090303,0.2983501437295377,-0.7787018822244184,0.07161815171686779,-0.6827819820149648,-0.9489389578452792
1.5915581151301932,1.5353498765558595,0.24873518914058954,0.6874198532869241,-0.7787018822244184,1.5793574757264084,-0.18979237047544195,0.8780908946942204
-0.8295423684620983,1.4416261160714887,0.24873518914058954,-0.22040946901364417,0.6763330275356462,-1.121462530760247,-0.04223085409626512,0.008076679199220628
-1.1321799289111347,0.7543185391861017,-3.7574796473683936,-1.3227736460929056,-0.7787018822244184,1.6055790291874443,0.5714909072080387,-0.16592616389977932
0.07837031288501103,0.4731472577329888,0.032183035815779616,-1.3227736460929056,-0.7787018822244184,-0.09882194577986297,2.4227172036013487,-0.9489389578452792
-0.2242672475640254,-0.7765028820586238,0.46528734246539943,1.206179466030106,-0.7787018822244184,0.7009354347817192,-0.7431480568973554,0.6170866300457205
0.683645433783084,-0.05795405167844655,-1.05057773080827,0.1038152889508445,0.9996741185934384,-0.6363637917310903,2.8788164360460775,0.008076679199220628
-0.8295423684620983,-0.6827791215742529,0.14045911247818457,0.6225749016940264,-0.5968225185044104,0.8713755322784503,-0.15960933303424685,-1.035940379394779
-0.8295423684620983,-1.0576741635117366,-0.07609304084662534,0.8819547080656173,-0.0006623818666060946,0.740267764973273,-0.1964997121290409,-0.7749361147462792
-0.2242672475640254,0.2856997367642469,-0.29264519417143525,-1.3227736460929056,-0.7787018822244184,-1.1607948609518,-0.4882690740605953,-0.9489389578452792
0.38100787333404745,0.5668710182173597,0.5735634191278044,0.9467996596585151,0.8380035730645423,-0.04637883885779172,-0.33064654520102,-0.6879346931967791
0.07837031288501103,-0.08919530517323687,0.032183035815779616,-1.3227736460929056,-0.7787018822244184,1.644911359378997,1.490396713751095,-0.6009332716472792
-1.1321799289111347,0.5043885112277792,0.7901155724526143,0.42804004691533315,-0.7787018822244184,-0.6101422382700549,-0.7666237526849516,2.27011363948622
-1.1321799289111347,1.285419848597537,0.35701126580299447,1.0116446112514128,-0.7787018822244184,2.3135609726354023,-0.32058553272062157,-0.6009332716472792
2.4994707964773024,-1.1513979239961076,0.14045911247818457,0.6874198532869241,-0.7787018822244184,-0.29548359673762914,-0.5452814781161864,1.1390951593427203
-1.1321799289111347,0.785559792680892,0.6818394957902093,-1.3227736460929056,-0.7787018822244184,1.1204802901582873,4.431566028854234,0.9650923162437204
0.07837031288501103,-0.21416031915239814,-0.29264519417143525,-1.3227736460929056,-0.7787018822244184,-0.4003698105817712,-1.1187591894988966,-0.7749361147462792
0.683645433783084,0.12949346929029534,0.35701126580299447,-1.3227736460929056,-0.7787018822244184,0.2420582492135981,-1.135527543632894,1.83510653173872
-0.5269048080130618,-0.9639504030273658,0.5735634191278044,-0.41494432379233737,-0.2229593819688382,-0.9903547634550697,-0.7062576778025611,-0.7749361147462792
1.2889205546811568,-0.6827791215742529,0.7901155724526143,-1.3227736460929056,-0.7787018822244184,0.45183067690188217,-0.24009743287743412,1.4871008455407202
-0.2242672475640254,-0.24540157264718845,-1.05057773080827,-0.6743241301639283,0.08017289089784194,-0.3217051501986645,0.5580762239008409,-0.6879346931967791
1.5915581151301932,0.4106647507434082,0.24873518914058954,0.8171097564727196,-0.17243733649105816,-0.7936931124973036,0.0013668666521280913,4.18414491357522
0.07837031288501103,0.9417660601548435,1.114943802439829,1.1413345144372082,-0.7787018822244184,-0.29548359673762914,-0.5553424905965848,0.2690809438477206
0.9862829942321203,-0.46409034711072067,-0.5091973474962451,0.23350519213663998,-0.7787018822244184,-0.7150284521141969,-0.5486351489429859,-0.33992900699877926
1.5915581151301932,0.06701096230071471,0.032183035815779616,1.5304042239945947,0.17111257275784597,0.15028281209997443,-0.2870488244526268,0.6170866300457205
-0.8295423684620983,-0.05795405167844655,-0.83402557748346,-0.4797892753852351,-0.27348142744661824,-1.265681074795942,-0.8538191941817381,-0.7749361147462792
-0.8295423684620983,0.691836032196521,0.24873518914058954,0.1038152889508445,-0.16233292739550217,-0.7543607823057502,-0.6827819820149648,-1.035940379394779
-0.5269048080130618,-0.995191656522156,1.114943802439829,0.6225749016940264,-0.7787018822244184,0.20272591902204523,-0.5620498322501838,0.7910894731447204
0.38100787333404745,0.0357697088059244,0.8983916491150192,-1.3227736460929056,-0.7787018822244184,0.36005523978825854,-0.5687571739037828,0.008076679199220628
-1.1321799289111347,0.2232172297746663,-0.07609304084662534,-0.0907195658278487,1.0400917549756623,-0.1905973828934871,3.123634406402439,-0.6879346931967791
-0.8295423684620983,2.441346227904779,0.35701126580299447,1.4655592724016968,-0.7787018822244184,1.435138931690713,3.133695418882837,-0.9489389578452792
0.07837031288501103,1.6290736370402306,0.032183035815779616,-0.41494432379233737,0.9188388458289903,-0.29548359673762914,-0.33064654520102,0.008076679199220628
1.5915581151301932,0.7543185391861017,0.5735634191278044,1.6600941271803902,0.5348713001978621,0.7796000951648258,0.5949666029956351,0.6170866300457205
-0.8295423684620983,0.0357697088059244,1.114943802439829,1.9843188851448788,1.4442681187979023,2.32667174936592,-0.451378694965801,-0.16592616389977932
-1.1321799289111347,-1.1513979239961076,-0.29264519417143525,0.1038152889508445,-0.11181088191772215,0.5042737838239529,0.2864288869300835,-1.035940379394779
-0.5269048080130618,-0.6515378680794626,-0.07609304084662534,0.2983501437295377,-0.061288836439942124,0.8582647555479325,-0.4547323657926005,-0.6009332716472792
1.8941956755792297,0.8480422996704726,0.7901155724526143,1.7897840303661856,1.6160430734223545,0.740267764973273,1.8157027839506434,1.5741022670902203
1.2889205546811568,-0.08919530517323687,0.14045911247818457,-0.0907195658278487,-0.7787018822244184,-1.1607948609518,3.408696426680394,1.1390951593427203
1.5915581151301932,-0.27664282614197877,0.6818394957902093,0.7522648048798218,0.9895697094978824,0.2945013561356698,-0.6693672987077669,0.2690809438477206
-1.1321799289111347,-1.4638104589440109,-0.942301654145865,-0.6743241301639283,-0.4149431547844023,-0.5445883546174661,-0.6391842612665716,-0.9489389578452792
0.683645433783084,-0.30788407963676906,-0.29264519417143525,1.206179466030106,-0.7787018822244184,0.2945013561356698,-0.6693672987077669,-0.7749361147462792
2.196833236028266,0.5356297647225695,0.24873518914058954,0.36319509532243544,0.6763330275356462,0.5436061140155067,0.32667293685167725,1.4871008455407202
-0.2242672475640254,0.16073472278508566,1.0066677257774241,1.3358693692159014,1.5958342552312426,0.963150969392074,0.8196625483911997,-0.5139318500977792
-0.5269048080130618,0.0357697088059244,0.35701126580299447,0.42804004691533315,1.2421799368867825,0.5173845605544709,0.0785012956685159,-0.6009332716472792
0.38100787333404745,0.5668710182173597,-0.29264519417143525,0.9467996596585151,0.6359153911534222,-0.43970214077332404,-0.1629630038610463,-0.6009332716472792
-0.8295423684620983,-0.7765028820586238,2.8473610290383085,-1.3227736460929056,-0.7787018822244184,-1.2525702980654245,-0.8471118525281393,-0.5139318500977792
1.8941956755792297,-0.6202966145846722,0.8983916491150192,1.0764895628443105,-0.7787018822244184,1.7891299034146926,2.2684483455685727,0.4430837869467205
-1.1321799289111347,0.6293535252069404,-3.7574796473683936,-1.3227736460929056,-0.7787018822244184,1.3695850480381242,-0.8538191941817381,-0.33992900699877926
-1.1321799289111347,0.12949346929029534,1.439772032427044,-1.3227736460929056,-0.7787018822244184,-1.2394595213349067,-0.6626599570541679,-1.035940379394779
